:020000040800F2
:1000000070150020ED01000865690008094F00081F
:1000100061690008190F00089D80000800000000B9
:10002000000000000000000000000000F56900086A
:100030001110000800000000A16900082D6A0008E6
:10004000070200080702000807020008070200086C
:10005000070200080702000807020008070200085C
:100060000702000807020008070200081D0F000829
:10007000290F00080702000807020008070200080D
:1000800007020008350F00080702000807020008F1
:10009000070200080702000807020008070200081C
:1000A0000702000807020008B16A000807020008FA
:1000B0000702000807020008BD6A0008194F00087F
:1000C0000D4F000807020008070200080702000899
:1000D00007020008858000089180000807020008D8
:1000E00007020008070200080702000807020008CC
:1000F00007020008070200080702000807020008BC
:100100000702000807020008C96A00080702000881
:10011000D16F000807020008070200080702000864
:10012000410F000807020008070200080702000844
:10013000070200080702000807020008070200087B
:10014000070200080702000807020008070200086B
:10015000070200080702000807020008070200085B
:10016000070200080702000807020008070200084B
:10017000070200080702000807020008070200083B
:10018000070200080702000807020008070200082B
:10019000070200080000000007020008070200082C
:1001A000070200080702000807020008070200080B
:1001B00007020008070200080702000807020008FB
:1001C00007020008070200080702000807020008EB
:1001D0000702000807020008DFF80CD000F0A8FBB7
:1001E00000480047459800087015002006488047E1
:1001F00006480047FEE7FEE7FEE7FEE7FEE7FEE70C
:10020000FEE7FEE7FEE7FEE79D6A0008D901000869
:100210002DE9F05F0546002092469B46884606463B
:10022000814640241BE0284641464746224600F0CE
:100230004BFA53465A46C01A914110D311461846FC
:10024000224600F032FA2D1A67EB01084F4622468B
:100250000120002100F029FA17EB00094E41201E71
:10026000A4F10104DFDC484631462A464346BDE896
:10027000F09FD2B201E000F8012B491EFBD270477B
:100280000022F6E710B513460A4604461946FFF762
:10029000F0FF204610BD2DE9FE4F804681EA0300A5
:1002A000C00F0C46009021F0004123F00045B8EB50
:1002B0000200A94105D24046214690461C460B4605
:1002C000024623F00040104347D0270DC7F30A0031
:1002D000C3F30A510290401A019040286BDAC3F32D
:1002E000130040F4801B0098924620B10023D2EB0B
:1002F000030A63EB0B0B01985946C0F140025046CC
:1003000000F0D3F906460D4650465946019A00F0D2
:10031000EBF910EB08006141002487EA115284EAEE
:10032000E7731A4340D0009A62B3019A012A4FEA58
:10033000075215DC001B61EB02014FF0004202EA9C
:100340000752CDE90042001C41F5801132462B4690
:1003500000F070FA03B0BDE8F08F40462146F9E79F
:10036000001B61EB0201001C41F5801300185B418A
:100370002018A2F5001747EB030140EAD570B61923
:100380006D4111E06D084FEA360645EAC0754FEA47
:100390000752001B61EB0201001C41F58011490866
:1003A0004FEA30000019514132462B4603B0BDE8F8
:1003B000F04F00F030BA0098012240000023D0EB4B
:1003C000020263EBE073009821464FEAE074B8EB59
:1003D000000061EB0401E9E783F000435BE781F093
:1003E000004158E72DE9FE4F81EA030404F0004480
:1003F00021F0004100944FF0000B23F0004350EA3D
:1004000001045ED052EA03045BD0C3F30A54C1F383
:100410000A552C44A4F2F3340194A0FB0254C1F316
:10042000130141F48011C3F3130343F4801301FB60
:10043000024400FB034E840A970A44EA815447EAC7
:100440008357A4FB076802958D0A05FB07854FEAD1
:10045000932C04FB0C542705029D4FEA065847EAEB
:100460001637B5EB08056EEB070C870E920E47EAC0
:10047000811742EA8312A7FB0201B6EB0B0164EB82
:1004800000042B0D43EA0C335E1844EB1C50DA4693
:100490005146E7FB0201C5F313044FEA0B3343EA6D
:1004A00014534FEA0432019C43EA0603A4F10C04FE
:1004B0000294009CCDE900B400F0BCF903B0BDE8A3
:1004C000F08F00200146F9E72DE9F04D81EA0304A1
:1004D00004F0004B21F0004514464FF0000A23F0D1
:1004E000004150EA050220D054EA01021DD0C5F3B4
:1004F0000A570246C5F31303C1F31300C1F30A56AA
:1005000040F4801543F48013A7EB0608101BD64671
:1005100008F2FD3873EB050002D308F1010801E091
:1005200092185B41B8F1000F03DA00200146BDE8E4
:10053000F08D00204FF48011064684460EE0171B14
:1005400073EB050705D3121B63EB050306434CEA67
:10055000010C49084FEA300092185B4150EA01074C
:10056000EDD152EA030012D082EA040083EA0501C9
:10057000084305D0101BAB4106D20122002306E040
:1005800000224FF0004302E06FF0010253101AEB1B
:1005900006004CEB085110EB0A0041EB0B01BDE8E3
:1005A000F04D00F038B90EB5C10F80EAE070084494
:1005B000CA07002140F233438DE80E000A460B467D
:1005C00000F038F903B000BD0EB540F2334102919E
:1005D0000021CDE900110A460B4600F02BF903B0CB
:1005E00000BD70B5C1F30A5201F000450024C1F30B
:1005F000130140F2FF3341F480119A4201DA0020E6
:1006000070BD40F233439A42A2F2334203DC5242BD
:1006100000F05AF800E090402C43F1D0404270BD09
:1006200000F0004230F000400AD0C10D01F56071C9
:10063000C0F3160042EA0151C20840071143704757
:1006400000200146704701F0004330B421F0004122
:1006500050EA010206D00A0DA2F56072C1F313013F
:10066000002A02DC30BC00207047440F44EAC10479
:10067000C100E01830BC00EBC25000F095B830B5B6
:100680000B46014600202022012409E021FA02F550
:100690009D4205D303FA02F5491B04FA02F52844EA
:1006A000151EA2F10102F1DC30BD202A04DB203A44
:1006B00000FA02F1002070479140C2F1200320FAB5
:1006C00003F3194390407047202A04DB203A21FAB3
:1006D00002F00021704721FA02F3D040C2F120025B
:1006E0009140084319467047202A06DBCB17203A71
:1006F00041FA02F043EAE07306E041FA02F3D04027
:10070000C2F1200291400843194670470FB40023FC
:1007100000B589B00CA900910B996FF00042CB6035
:100720001E4B06931E4B07930423CDE901321D4A4D
:10073000089202466B46002000F0AEF909B05DF861
:1007400014FB70B586B006464FF0FF300091CDE93E
:100750000101002015460C4604903246694604A863
:10076000FFF7D4FF03460498211825B108B10A46C3
:1007700000E022462A6000280DD0002B02DD009800
:10078000884208D0081B0094CDE90104324669462E
:1007900004A8FFF7BBFF06B070BD0000D10C000835
:1007A000EF0C00085D0900080029A8BF7047401C35
:1007B000490008BF20F00100704710B4B0FA80FC77
:1007C00000FA0CF050EA010404BF10BC704749B1B4
:1007D000CCF1200421FA04F411FA0CF118BF012124
:1007E00021430843A3EB0C01CB1D4FEA00614FEA04
:1007F000102042BF002010BC704700EBC3501044D3
:100800000029A4BF10BC7047401C490008BF20F05D
:10081000010010BC704710B5141E73F1000408DA13
:10082000401C41F1000192185B411A4301D120F0B4
:10083000010010BD2DE9F04D92469B4611B1B1FA71
:1008400081F202E0B0FA80F220329046FFF72DFFED
:1008500004460F4640EA0A0041EA0B0153465A4655
:10086000084313D0114653EA010019D0C8F14002E1
:100870005046FFF729FF05460E4650465946424668
:10088000FFF713FF084305D0012004E02046394656
:10089000BDE8F08D0020054346EAE0762C4337435F
:1008A0000A986305E40AA0EB08000022FD0A44EA66
:1008B00047540A3002D500200146E9E70105101926
:1008C0006941DDE9084500196941BDE8F04DA2E73D
:1008D000C1F30A52C1F3130140F2FF3341F4801116
:1008E0009A4202DA00200146704740F233439A42AE
:1008F000A2F2334202DC5242FFF7E6BEFFF7D5BE5A
:1009000030B5041E71F1000404DB4FF00044404296
:1009100064EB0101141E73F1000405DB1C464FF06B
:100920000043524263EB0403994208BF904230BD3A
:10093000064C074D06E0E06840F0010394E807002C
:1009400098471034AC42F6D3FFF74AFC28B30008AE
:1009500048B3000800487047F4B2000810B50446D8
:10096000FFF7F8FF0068005D00F0010010BD000017
:100970002DE9FF4F087883B09946FF2805D0491C20
:100980002D2804D00024002008E000200BE00124E2
:10099000F9E700EB800003EB4000491C0B78FF2BCC
:1009A000F7D104B1404200230293147819461D4642
:1009B0002D2C01D02B2C04D1521C2D2C13D0002413
:1009C0000294AA461478FF2C0FD00A25A3FB0578C1
:1009D00001FB05814FF0000C03FB0C11521CE319C5
:1009E0004AEB0101EEE70124EAE7814453EA010002
:1009F00002D019F5C87F06DA03980021C0E900117A
:100A000007B0BDE8F08F0025AE4E2F46DFF8B88264
:100A1000184600F07DF9CDE90001B9F1000002DAD5
:100A2000C9F1000400E004460023A74A1AEB030BB7
:100A300042EB045A12E0E00707D02A463346384614
:100A40004146FFF7CFFC074688462A463346104604
:100A50001946FFF7C7FC05460E466410002CEAD184
:100A6000DDE90001B9F1000F5A46534606DAFFF7F7
:100A70002BFD3A464346FFF727FD05E0FFF7B2FCA2
:100A80003A464346FFF7AEFC029A0AB181F00041B4
:100A9000039AC2E90001B3E72DE9FF4F1F468DB06D
:100AA000D7E901464FF0FF382E2045464FF00009A8
:100AB0000B90B9696D1C0E988847396A8246884741
:100AC0000028F6D1BAF1FF3F0AD024F4D064002EFA
:100AD00011DDBAF12B0F08D0BAF12D0F0BD102E0C6
:100AE000404611B08DE744F48064B9696D1C0E98DE
:100AF00088478246761E6946600501D52D2000E0B4
:100B00002B208DF8000001F1010B0DF1200809E008
:100B1000B9696D1C0E98884782460F9844F400749A
:100B2000761E0560002E02DDBAF1300FF0D00B9971
:100B30008A453ED144F0800406E00F99681CA9F173
:100B4000010944F400740860B9696D1C761E0E98A2
:100B5000884782463028F0D02BE00B998A4505D192
:100B6000200603D444F08004761E18E0504609F0B5
:100B7000D5FF08B30DF11301761E44F400748B45C4
:100B800008D2AAF130000BF8010B200607D5A9F115
:100B9000010003E0200602D409F101008146A0050E
:100BA00002D50F99681C0860B9696D1C0E988847BA
:100BB0008246002ED1DC53E0002E51DDBAF1650FE4
:100BC00002D0BAF1450F4BD1A00549D5B9696D1CCA
:100BD00024F44074761E0E9888478246002E0CDD61
:100BE0002B2804D0BAF12D0F07D144F48074B969D1
:100BF0006D1C0E9888478246761EE00501D52D2192
:100C000000E02B2108F8011BCDF82C8021E00DF12C
:100C10002901761E44F4007488450CD2AAF13000F4
:100C200010F0FF0088F8000002D10B99884509D91F
:100C300008F1010806E0E00501D5244801E042F290
:100C40000F708146B9696D1C0E98884782460F98CF
:100C50000560002E04DD504609F060FF0028D6D163
:100C6000F9690E988847FF208BF8000088F800008B
:100C70000020069007904B466A4608A906A8FFF791
:100C800077FEA00502D46FF001002AE714F0240FCC
:100C90000AD0E00714D1DDE906123868031D3B6075
:100CA0000068C0E900120BE0DDE90601FFF7CBFCAC
:100CB0000146E00704D13868021D3A60006801600F
:100CC00028460EE7000014400000F03FF1D8FFFF77
:100CD000426842B1016811F8013B23B1521EC0E9DC
:100CE0000012184670470121C160881E7047426893
:100CF0005AB1C368016843B983688B4205D0491E65
:100D0000521CC0E90012002070474FF0FF307047BE
:100D10000EB540F2334202920022CDE90022134682
:100D2000FFF788FD03B000BD70B50D46044620688E
:100D300004F0D8FF0646206804F0B2FF304347D0E5
:100D40002068C06810F0007F05D0607F012804BFD4
:100D5000207F012804D0022D17D10225082622E089
:100D60002268106810F0400F0CD14FF0FF300021C6
:100D7000CAF24031013088423BD22268136813F036
:100D8000400FF7D0402010600125206804F0AAFF32
:100D900030B1206804F096FF10B9206804F0CEFF4F
:100DA0000426012D0DD0206804F07AFF30B12068B0
:100DB00004F088FF10B9206804F076FF032D08BF07
:100DC0000C2601F0A9F9054620688068304207D159
:100DD000002070BD20688068304204BF002070BDD4
:100DE00001F09AF9401B0528F4D920688068304248
:100DF000F0D0E06D40F01000E065206E40F00100A2
:100E00002066012070BD0000B0B50446206804F0E3
:100E100059FF0546206804F059FF014600209DBB9C
:100E2000002908BFB0BD2068816801F00D010129CB
:100E30002BD104F0FDFE20680321016001F06CF964
:100E400005462068806810F0010F04BF0020B0BD87
:100E500007E000BF2068806810F0010F04BF002089
:100E6000B0BD01F059F9401B0228F3D92068806811
:100E700010F0010FEED0E06D40F01000E065206E44
:100E800040F0010020660120B0BDE06D40F0100090
:100E9000E065206E40F0010020660120B0BD00003A
:100EA000B0B50446206804F011FF08B10020B0BDC1
:100EB000206881683F22C8F20002114209D0E06D2B
:100EC00040F01000E065206E40F001002066012037
:100ED000B0BD04F0BFFE01F01FF9054620680168AF
:100EE00011F0010F1CBF0020B0BD00BF04F0EEFEEA
:100EF00010B9206804F0AEFE01F00EF9401B032883
:100F000004D32068006810F0010FD8D02068016871
:100F100011F0010FEAD0C9E7FEE7000040F25820C7
:100F2000C2F2000000F0C0BE40F2F810C2F20000B1
:100F300000F0BABE40F29810C2F2000000F0B4BE59
:100F400040F23810C2F2000000F0AEBE80B5016879
:100F5000D0F844C040F2084EC4F2020E0EF583628F
:100F6000714538BF0EF57E722CF003031A4482647B
:100F70000EF58F62C2646FF0070252FA81F14CF6EF
:100F8000CD42CCF6CC42A1FB0212C2F304110122E5
:100F900002FA01F1016580BD41684FF47F7202EAF7
:100FA000810240F6FC03C4F2020302EB030C44335B
:100FB0001F3101F01F01012202FA01F1C0E915C33E
:100FC000C165704710B5D0E913CECCF804E0D0F875
:100FD00054C0BCF1000F1CBFD0E916CECCF804E021
:100FE000D0E910CE0EF01F0E4FF0010404FA0EF4FB
:100FF000CCF804400468636003688468102C0C46D5
:1010000008BF14469C6008BF0A460068C26010BD55
:101010007047000080B582B08DF80200F3208DF893
:101020000300AB208DF804008DF805108DF8062024
:101030006B208DF807000DF10200062107F0F8FE85
:1010400002B080BD80B584B08DF80300FD208DF81E
:1010500004008DF80510100A8DF806008DF80720A1
:101060008DF808300698010E8DF80910010C8DF8E6
:101070000A10010A8DF80B108DF80C0007988DF8F6
:101080000D0008988DF80E006B208DF80F000DF103
:1010900003000D2107F0CCFE04B080BD80B582B006
:1010A0008DF804000A208DF805006D208DF80600EB
:1010B0006B208DF8070001A8042107F0B9FE02B0EB
:1010C00080BD0000EFF3108072B600BFFEE70000A5
:1010D0002DE9F04383B08846044694F8580001286F
:1010E00001D1022029E0012084F85800002002905C
:1010F0000190216840F20015C5F2000505F5407623
:1011000005F58069B14208BF4846B1F1A04F04BF60
:1011100040F20010C5F2000038B104F0E7FD0746C8
:10112000206804F0E3FD38430BD0E06D40F0200070
:10113000E0650120002184F85810C0B203B0BDE87A
:10114000F083206805F50071A8420F4618BF05F529
:10115000C067B0F1A04F08BF0F46D8F80010B868BC
:1011600020F4604091B1D8F80410084394F8381086
:1011700040EA4130B860206840F48070A84211D144
:101180004FF0A04004F0A6FD064615E0B8602068C8
:1011900040F48070A84221D14FF0A04004F09AFDA5
:1011A000064625E0304604F095FD0646484604F024
:1011B00091FD064305F5A065284604F08BFD3043FC
:1011C00001D00020B6E7B86840F61F718843D8F810
:1011D0000010D8F808200843104314E0304604F00B
:1011E00079FD0646484604F075FD064305F5A06501
:1011F000284604F06FFD304301D000209AE7B8681C
:1012000040F61F718843B860002093E72DE9F04154
:1012100082B00D4604460020019094F85800012841
:1012200001D102210EE0012084F85800206804F06A
:1012300059FD58B1E06D40F02000E065012100202B
:1012400084F85800C8B202B0BDE8F081D5E90021A9
:10125000206804F057FD206804F044FD064620682D
:1012600004F01EFD30434FF6FF77C0F2070740F051
:10127000B1802968AA682068B2F1004F06D1002227
:1012800004F066FD20684FF0004103E004F060FDCB
:101290002068002104F0BEFDD5E904122068C3686F
:1012A000042940F08080002104F0F4FC0646206808
:1012B000002104F0EFFCC0F3846190FAA0F03E42FC
:1012C00018BFB0FA80F12868C0F3846290FAA0F3E6
:1012D000384218BFB3FA83F2914203D1206800214B
:1012E00004F090FD2068012104F0D4FC064620683B
:1012F000012104F0CFFCC0F3846190FAA0F03E42DB
:1013000018BFB0FA80F12868C0F3846290FAA0F3A5
:10131000384218BFB3FA83F2914203D12068012109
:1013200004F070FD2068022104F0B4FC0646206839
:10133000022104F0AFFCC0F3846190FAA0F03E42B9
:1013400018BFB0FA80F12868C0F3846290FAA0F365
:10135000384218BFB3FA83F2914203D120680221C8
:1013600004F050FD2068032104F094FC0646206838
:10137000032104F08FFCC0F3846190FAA0F03E4298
:1013800018BFB0FA80F12868C0F3846290FAA0F325
:10139000384218BFB3FA83F291421BD1206803216F
:1013A00004F030FD16E0062606EA930302FA03F382
:1013B0002A6804F007FD2969AA69206804F01AFD6B
:1013C000287F0022012808BF4FF000722969206899
:1013D00004F008FD206804F079FC78BB2968EA680D
:1013E000206804F0C5FCE8680021C4F27F0188424F
:1013F00024D12868AA6890FAA0F1B1FA81F13842A4
:1014000008BF810E481C00F01E034FF0806707EBF9
:10141000816101F0F8410A2B28BF41F0007100F012
:101420001F000127874039430A2B28BF0A3800EBE9
:10143000400041EA0051206804F08AFC688848F2C4
:10144000080108426ED0216840F20036C5F200065D
:10145000A6F5007806F580674145384604BF40F29E
:101460000030C5F20000B1F1A04F04BF40F20030DF
:10147000C5F2000004F002FC296840F20002CCF240
:101480002132914204D01022C9F2C002914235D1DA
:10149000010233D4216840F20062C5F20002914299
:1014A00018BFB1F1A04F54D1414508BF3746B1F143
:1014B000A04F08BF374640F40001384604F07CFCDA
:1014C00040F20400C2F200000068800942F6635155
:1014D000C0F23E51A0FB0101880900EB40000C2145
:1014E00001EB80000190019898B300BF019801388A
:1014F000019001980028F9D10021A0E62A68C101D5
:1015000012D40021CCF252718A420DD1216841459A
:1015100008BF3746B1F1A04F08BF374640F0807191
:1015200038461EE000218AE641024FF000013FF5F7
:1015300086AE0023CCF684339A427FF480AE2168D5
:10154000B1F1A04F0AD040F20012C5F20002914260
:1015500001D1002173E6414518BF3E4640F48001A9
:10156000304604F029FC002169E600000068006CA8
:1015700070470000F0B581B0044600200090ACB385
:10158000E06D30B9204600F00FF90020206684F8A5
:101590005800206804F092FB00281CBF206804F06B
:1015A00051FB206804F09AFBD0B9206804F05CFB82
:1015B00040F20400C2F200000068800942F6635164
:1015C000C0F23E51A0FB01018809022101EB40005D
:1015D00002E000BF00980138009000980028F9D17F
:1015E000206804F07BFB18B100250AE00125D7E054
:1015F000E06D40F01000E065206E40F001002066D4
:101600000125206804F06EFBE16D01F01001084334
:10161000E06D03D040F010000125C0E020F481709F
:1016200040F00200E065206804F050FB70BB2068C9
:1016300040F4807040F20017C5F20007B84206D1AE
:101640004FF0A04004F042FB064638460BE007F599
:10165000407004F03BFB064607F5806004F036FB63
:10166000064307F5A06004F031FB30430ED1D4E906
:10167000002107F50073BA42184618BF07F5C0608D
:10168000B2F1A04F08BF184604F090FB607FE16BF9
:1016900041EA4030D4E902121043084394F8241080
:1016A00040EA0140012906D1A16A0022CFF6FE726C
:1016B00002EB41410843E16A00291FBF01F4787140
:1016C0000843216B08432168CA6844F20703CFF638
:1016D000F07302EA030240EA0200C8602068016970
:1016E000626B21F0406141EA02010161206804F06F
:1016F000F9FA0646206804F0D3FA30433FD1207F40
:1017000094F83810490041EA80302168CA6844F2F0
:1017100002039A431043C8602068226901695AB1E4
:1017200041F4803101612068D0F8C00043F6FF71B8
:1017300088432169084308E021F480310161206871
:10174000D0F8C00043F6FF7188432168C1F8C0009B
:1017500094F8402020680169012A0DD140F2FD7201
:10176000914304F144078CCF266D1143194339434B
:10177000314341F0010101E021F0010101612068E4
:101780006269016B21F00F01012A02BF226A013A4E
:1017900011430163E06D4FF0010161F30100E06569
:1017A000284601B0F0BD000010B59CB004460020F2
:1017B0001B90CDE91900CDE9170002A85421FEF7CE
:1017C0005FFD206841F24C04C4F2020440F2006163
:1017D000C5F2000188423DD040F20041C5F200014F
:1017E00088426BD14FF4803002904FF0004014904B
:1017F00002A801F009F8002818BFFFF763FC40F2C7
:101800003800C2F20000016801F10102026041B932
:10181000206840F480402060206800F480400190FF
:101820000198206840F008002060206800F008005F
:10183000019001984FF480401790032018900020E9
:10184000199040F60040C4F6000017A900F074FBA0
:101850001CB010BD4FF4803002904FF00040149047
:1018600002A800F0D1FF002818BFFFF72BFC40F2C0
:101870003800C2F20000016801F10102026041B9C2
:10188000206840F480402060206800F4804001908F
:101890000198206840F001002060206800F00100FD
:1018A000019001984FF48070179003201890002049
:1018B000199017A94FF0904000F03EFB1CB010BDEE
:1018C0002DE9F0470E460446216840F20019C5F2A2
:1018D000000909F5007509F5C0674945384608BF94
:1018E0002846B1F1A04F08BF284604F0CFF9804642
:1018F000A069082801D108250FE02068B8F1090F78
:1019000067D8012101FA08F140F22122114260D08A
:10191000C06810F0010F68D1042500F0FDFB82467D
:1019200020680068284211D1771C00BF57B100F031
:10193000F3FB1EB1A0EB0A00B04203D92068006897
:1019400028425FD0206800682842EFD0E06D40F464
:101950000070E065206804F0CDF990B1607F80B937
:101960002068006810F0080F0BD0E06D20F4807044
:10197000E065E06D10F4805F02BFE06D40F00100B3
:10198000E065216809F580608142084608BF09F5D5
:1019900040704945024608BF4FF0A0428A4209D034
:1019A000B8F1090F29D8012202FA08F240F22123E6
:1019B0001A4222D00846C068082D01D1082002E052
:1019C000400402D40C20216808600020C0B2BDE8A9
:1019D000F087484508BF2F46B0F1A04F08BF2F46FB
:1019E000384604F04FF9002896D0E06D40F0200012
:1019F000E0650120C0B2BDE8F087494508BF4FF05F
:101A0000A040D8E7E06D40F00400E065002084F8D5
:101A100058000320C0B2BDE8F087000070B504464E
:101A2000216840F20046C5F20006A6F54070A6F512
:101A300080728142104618BF06F54070B1F1A04F88
:101A400008BF104604F022F90546206804F04AF960
:101A500018B994F85800012801D1022070BD012066
:101A600084F858002046FFF71BFA00281EBF00210B
:101A700084F8581070BDE06D40F6017120EA010055
:101A800040F48070E065216840F20010C5F200006B
:101A9000814207D040F20052C5F20002914207D1C4
:101AA000324601E04FF0A042002D18BF8A4203D118
:101AB000E16D21F48011E165E26D002112F4805F97
:101AC0004FF000021CBF226E22F00602226622683E
:101AD0004FF01C03136084F85810216881421FD016
:101AE00040F20052C5F2000291421DD132468A42B4
:101AF0001AD0092D05D80122AA4040F221231A420A
:101B000012D1E16D41F48011E165216881421AD062
:101B100040F20050C5F20000814208BF314614E097
:101B20004FF0A0428A42E4D1C86810F0007F1FBF86
:101B3000E06D012161F30D30E065206804F0F4F8F8
:101B40004FF0000070BD4FF0A041C86810F0007F5A
:101B500004BF002070BDE06D4FF0010161F30D3056
:101B6000E0654FF0000070BD10B5044694F85800D1
:101B7000012804BF022010BD4FF0010084F8580076
:101B800020464FF00301FFF7CFF858B92046FFF782
:101B90003BF938B9E06D41F20111884340F0010092
:101BA000E0650020002184F8581010BD90F8251041
:101BB000022924D101680A6822F00E020A60816CB1
:101BC0000A6822F480720A6001680A6822F0010241
:101BD0000A60D0E9101202F01F02012303FA02F298
:101BE0004A60D0E913124A60416D61B10A6822F47B
:101BF00080720A60D0E916124A60002104E00421D4
:101C0000C163012100E00021012280F8252000228B
:101C100080F824200846704790F82510022933D117
:101C200001680A6822F00E020A6001680A6822F060
:101C300001020A60816C0A6822F480720A60D0E9AD
:101C4000102101F01F03012101FA03F35360D0E9D1
:101C500013235360426D002A1FBF136823F480735F
:101C60001360D0E9162318BF536080F825104FF099
:101C7000000180F82410826B22B180B590470021CA
:101C8000BDE88040084670470421C163012180F807
:101C90002510002280F8242008467047C06B70474A
:101CA00090F825007047000080B5D0E91013D1F8F6
:101CB00000C001680A6803F01F0E12F0040F1EBF77
:101CC000042303FA0EF313EA0C0316D00A6812F089
:101CD000200F02BF0A6822F004020A60D0E9101245
:101CE00002F01F024FF0040303FA02F24A60016B94
:101CF000002948D0BDE880400847930720D502233B
:101D000003FA0EF313EA0C031AD00A6812F0200F3C
:101D100006D10A6822F00A020A60012180F8251023
:101D2000D0E9101202F01F02022303FA02F24A6005
:101D3000002180F82410C16A29B3BDE8804008471B
:101D4000110720D5082101FA0EF111EA0C0108BF94
:101D500080BD01680A6822F00E020A60D0E9101204
:101D600002F01F024FF0010303FA02F24A60C3635C
:101D700080F825304FF0000180F82410416B11B13C
:101D8000BDE88040084780BDF0B581B00446002C16
:101D900002BF012001B0F0BD206840F2000CC4F287
:101DA000020C0CF581624FF6F833CBF6FD739042CE
:101DB00038BF03F5806303444CF6CD41CCF6CC41EB
:101DC000A3FB01134FF6FC71C3F6FF7101EA930107
:101DD0000CF5806390423CBF0023C4F20203C4E9C7
:101DE00010314FF0020084F825002068016847F6A2
:101DF000F07221EA020CD4E90223D4E9041E04F1B2
:101E00001807E0CF42EA0C0242EA030241EA02016B
:101E100041EA0E0141EA050141EA060141EA0701F2
:101E200001602046FFF792F8A068B0F5804F04BF2C
:101E300000206060A06C21790160D4E91301416049
:101E40006068A0F10100032809D82046FFF7A4F834
:101E5000606D00210160D4E91601416003E00020BB
:101E6000C4E91500E0650020E063012184F8251035
:101E700084F8240001B0F0BD10B5044694F82400A5
:101E8000012820D0012084F8240094F8250001289E
:101E900016D1022084F825000020E063D4F800C0A9
:101EA000DCF8000020F00100CCF800002046FFF72D
:101EB00089F82068226B016842B141F00E010CE004
:101EC000002084F824000220C0B210BD21F00401DB
:101ED00001602068016841F00A010160A06C01689E
:101EE00011F4803F1EBF016841F480710160606D94
:101EF00000281EBF016841F48071016020680168FC
:101F000041F0010101604FF00000C0B210BD0000BF
:101F1000B0B5044600F000F9054640F22C00C2F2CC
:101F200000000068611C18BF044400BF00F0F4F812
:101F3000401BA042FAD3B0BD2DE9F04F82B00E682D
:101F4000002E00F0D78041F20042C4F600020627BE
:101F5000904208BF052700F138424FEAB223052B13
:101F600038BF4FEAB227009700234FF0030E40F22C
:101F7000004AC4F2010A0025012400BFA4F10109AE
:101F8000012202FA09FB16EA0B0800F0A8804E684D
:101F900006F00306013E012E13D80EFA05F6D0F81E
:101FA00008C02CEA0606CA68AA403243826042682A
:101FB00022EA0B024E68C6F3001606FA09F632430F
:101FC00042604A6802F00302032A08D00EFA05F2C2
:101FD000C66826EA02028E68AE403243C2604A6892
:101FE00002F00302022A14D103F01C020F2707FAA1
:101FF00002FC4FF6FC76C7F6FF7606EA590707445F
:102000003E6A26EA0C0C0E6906FA02F242EA0C025B
:102010003A620EFA05F2076827EA02024F6807F0F3
:102020000307AF403A4302608A79920757D041F2E2
:102030006002C4F2020217463A6842F001023A60B6
:102040003A6802F00102019229F003025244019F12
:102050004FF60847CFF6FF77B94652F809C003F0AC
:102060000C060F27B7402CEA070C009F07FA06F66C
:102070004CEA060742F80970DAF8082022EA08025A
:102080004F6817F4801F18BF42EA0802CAF80820F8
:1020900040F20C42C4F201021646326822EA0802FB
:1020A0004F6817F4001F18BF42EA08023260DAF8DE
:1020B000042022EA08024F6817F4003F18BF42EAE2
:1020C0000802CAF80420DAF8002022EA08024F6861
:1020D00017F4803F18BF42EA0802CAF800200E68D1
:1020E00036FA04F203F1040305F1020504F10104D8
:1020F0007FF444AF02B0BDE8F08F000000690840F3
:1021000018BF01207047000000F12803002A18BF03
:1021100000F118031960704741F26C10C2F2000020
:102120000068704790F84120202A03D190F84020A1
:10213000012A02D10221C8B27047242280F841202E
:102140000268136823F0010313600268136823F424
:1021500080531360026813681943116001680A68AC
:1021600042F001020A60202180F84110002180F82D
:102170004010C8B27047000090F84120202A03D1D7
:1021800090F84020012A02D10221C8B270472422CF
:1021900080F841200268136823F00103136002688D
:1021A000136823F4706343EA0121116001680A682F
:1021B00042F001020A60202180F84110002180F8DD
:1021C0004010C8B270470000704700007047000020
:1021D00001688A69096801F0800112F4807F18BFE4
:1021E000002909D0436C43F001034364D0F800C0D8
:1021F0004FF48073CCF81C3053050AD549B1436CB9
:1022000043F008034364D0F800C04FF48063CCF877
:102210001C30920508D539B1416C41F0020141648E
:1022200001684FF40072CA61416C11F00B0F18BFC6
:1022300002F08EBF70470000026891691268436B1C
:10224000002B08BF704780B59847BDE880407047B5
:1022500040F2B821C2F20001884218BF704740F234
:102260005D00C2F200004FF00001017040F60C006A
:10227000C2F20000016801F1010101607047000035
:1022800010B50446002C04BF012010BD94F8410095
:1022900028B9002084F84000204600F025F92420C9
:1022A00084F841002068016821F001010160D4E94F
:1022B000000121F0706101612068816821F4004112
:1022C00081602068D4E902124FF40443012A08BF58
:1022D0004FF4004319438160E068022802BF206880
:1022E0004FF4006141602068416841F0007141F4A1
:1022F000004141602068C16821F40041C16020684C
:1023000004F110030ECB41EA020141EA0321C1604E
:102310002068D4E9071241EA0201016020680168DF
:1023200041F0010101604FF0000060644FF02001B6
:1023300084F84110206384F8420010BD704700000B
:10234000704700007047000040F2B821C2F200015F
:10235000884218BF704780B540F25D00C2F20000AD
:102360004FF000010170FFF7D7FE40F60801C2F2FE
:102370000001086040F25E00C2F200004FF001016F
:102380000170BDE880407047704700002DE9F043C0
:1023900083B01F4616460D46044694F84100202897
:1023A0000ED1DDF82880B8F1000F1CBFDDF82C90AD
:1023B000B9F1000F06D14FF400706064012641E0CE
:1023C00002263FE02068806910F4004F05D194F8A0
:1023D0004000012803D1022634E0022632E0012029
:1023E00084F84000FFF798FE222184F84110402134
:1023F00084F8421000216164C4F82480A4F82A9073
:102400000021CFF6FF71E16245F23D71C0F6000197
:102410006163618DFF2903D94FF08079FF2102E0CC
:10242000618D4FF0007921851921CDE900102046FA
:10243000294632463B4603F005FA38B1002084F8BD
:1024400040000126F0B203B0BDE8F083E06B00B3BA
:1024500044F65571C0F6000144F64172C0F6000220
:102460000026C0E90B16C0E90D26238D2168243112
:102470004246FFF701FDD0B1202084F8410084F8E6
:102480004260606C40F01000606484F84060012697
:10249000D8E7202084F84100002084F84200616CD5
:1024A00041F08001616484F840000126CAE794F895
:1024B000282042F20040C8F2000000902046294641
:1024C0004B4603F019FB208D618D081A608584F856
:1024D00040602046102102F09BFD2068016841F415
:1024E00000410160AEE700002DE9F0439BB00446D7
:1024F00000251A95CDE91855CDE9165501A85421A6
:10250000FDF7BEFE206845F20041C4F2000188429A
:1025100002D01BB0BDE8F08340200190089501A8CF
:1025200000F072F9002818BFFEF7CCFD41F24C060E
:10253000C4F20206306840F001003060306800F0FC
:10254000010000900098306840F002003060306870
:1025500000F00200009000984FF4004016904FF0F9
:102560001208CDF85C804FF00007CDE918774FF0E6
:102570000409CDF8689016AD4FF090402946FFF75A
:10258000DBFC4FF40070CDE91608CDE91877CDF8E3
:10259000689040F20040C4F600002946FFF7CCFCEA
:1025A000F06840F40010F060F06800F40010009053
:1025B000009840F23815C2F2000540F20840C4F21B
:1025C00002004FF010014FF0800285E88300C5E95A
:1025D0000372C5E90577EF614FF400502862284681
:1025E000FFF7D2FB002818BFFEF76CFDE563AC6275
:1025F0004FF01F004FF001014FF0000200F07EF895
:102600004FF01F0000F078F84FF020004FF001016C
:102610004FF0000200F072F84FF0200000F06CF86C
:102620001BB0BDE8F0830000704700007047000059
:1026300040F22C00C2F20000006841F26C11C2F2BC
:1026400000010A68104408607047000080B503204C
:1026500000F064F80F2000F009F800281CBF0120EA
:1026600080BD00F02FF84FF0000080BDB0B50446EB
:1026700040F22C00C2F200000068002802BF0125D1
:102680002846B0BD4FF47A71B1FBF0F040F204017E
:10269000C2F200010968B1FBF0F000F0B7FE4FF0A4
:1026A00001050F2C0CD858B900254FF0FF302146FA
:1026B000002200F023F840F23000C2F20000046073
:1026C0002846B0BD82B041F25800C4F202008168D1
:1026D00041F001018160816801F0010101910199DE
:1026E000016841F080510160006800F08050009066
:1026F000009802B000F07EB805F0D2BC70B5144668
:102700000D46064605F0DEFC2946224604F02CF96B
:1027100001463046BDE8704005F0DCBC05F0ECBC7D
:1027200047F20001C4F2000170B30A68B0F5007FFF
:1027300058D1D1F8800040F48070C1F8800002F4D4
:10274000C060B0F5806F51D10868012262F34A2061
:10275000086040F20400C2F20000006832225043D8
:102760004DF68362C4F21B32A0FB02026FEA924074
:102770004A6900281CBF013012F48062F8D1486910
:1027800010F4806F32D02AE00868D1F8802022F45B
:102790008072C1F8802000F4C060B0F5806F25D150
:1027A0000868012262F34A20086040F20400C2F285
:1027B00000000068322250434DF68362C4F21B329F
:1027C000A0FB02026FEA92404A6900281CBF013058
:1027D00012F48062F8D1486910F4806F06D00320AB
:1027E000C0B27047022060F34A220A600020C0B2E3
:1027F0007047000047F20800C4F20000016841F48D
:1028000080410160704700002DE9F04182B004462C
:10281000A078000741F28806C4F2020601D4002025
:1028200061E056F8300C47F20007C4F2000710F0E0
:10283000805F0ED156F8300C40F0805046F8300CD6
:1028400056F8300C00F08050019001984FF00108CC
:1028500001E04FF00008386840F480703860FFF7FE
:102860005BFC0546386810F4807F06D1FFF754FC06
:10287000401B0228F6D903202CE0B06810F4407009
:1028800021D0216D88420BD0B068B16841F480310D
:10289000B160B16821F48031B16020F44070B06063
:1028A000C00710D0FFF738FC054641F2883700BF5B
:1028B000B06810F0020F06D1FFF72EFC401BB842A3
:1028C000F6D9032006E0B068216D20F4407008437B
:1028D000B0600020B8F1010F02BF56F8301C21F0A3
:1028E000805146F8301C2178C90705D031686268EC
:1028F00021F00301114331602178890705D5316842
:10290000A26821F00C01114331602178490705D5F7
:102910003168E26821F03001114331602178090704
:1029200005D53168226921F0C00111433160217859
:10293000C90605D53168626921F4407111433160DF
:102940002178890605D53168A26921F440611143D7
:1029500031602178490605D53168E26921F440519A
:10296000114331602178090605D53168226A21F4C6
:102970004041114331606178C90705D03168626A0E
:1029800021F4403111433160A178890705D571697F
:10299000A26A21F00301114371616178890705D5AD
:1029A0003168E26A21F440211143316061784907BE
:1029B0000FD53168226B21F4401111433160216B36
:1029C000B1F5801F02BF56F87C1C41F4801146F817
:1029D0007C1C617809070FD53168626B21F44001D6
:1029E00011433160616BB1F5800F02BF56F87C1C5A
:1029F00041F4801146F87C1C6178C9060FD5316816
:102A0000A26B21F0407111433160A16BB1F1807F65
:102A100002BF56F87C1C41F4801146F87C1C61789A
:102A200089060FD53168E26B21F0406111433160B6
:102A3000E16BB1F1006F02BF56F87C1C41F48011CC
:102A400046F87C1C617849060FD53168226C21F06C
:102A5000406111433160216CB1F1006F02BF56F843
:102A60007C1C41F4801146F87C1C617809060FD566
:102A70003168626C21F0405111433160616CB1F1F9
:102A8000805F02BF56F87C1C41F4803146F87C1C04
:102A9000A178C9070FD03168A26C21F040411143E1
:102AA0003160A16CB1F1804F02BF56F87C1C41F43B
:102AB000803146F87C1CA17849070FD57169E26C1A
:102AC00021F4401111437161E16CB1F5001F02BFA7
:102AD00056F87C1C41F4801146F87C1CC0B202B050
:102AE000BDE8F0812DE9F04381B00D460446E4B124
:102AF00041F20809C4F20209D9F8F80F00F00F00FA
:102B0000A8420CD2D9F8F80F20F00F002843C9F8DA
:102B1000F80FD9F8F80F00F00F00A84215D120786F
:102B2000C00704D14FF0000857E001209AE0606828
:102B30004BF20046C0F2C446032808D159F8080CED
:102B400010F0007F0BD101208CE001208AE059F8C1
:102B5000081C022814D1880316D4012082E003F057
:102B600021FFB04209D9D9F8000010F0F00F0FD0C2
:102B70002078800701D5A06850B14FF0000810E020
:102B8000480501D401206DE000F0D2F8B042F4D93C
:102B9000D9F80000082161F30710C9F800004FF0D0
:102BA0008008D9F80000616820F003000843C9F8E4
:102BB0000000FFF7B1FA064641F28837D9F8000065
:102BC000616800F00C00B0EB810F06D0FFF7A4FAAB
:102BD000801BB842F2D9032044E0206810F0020FB5
:102BE00007D1B8F1800F1FD1D9F8000020F0F00014
:102BF00018E0400742BFD9F8000040F4E060C9F88F
:102C000000002078000741BFD9F80000072161F3D8
:102C10000D20C9F80000D9F80000A16820F0F000EC
:102C200040EA0100C9F80000D9F8F80F00F00F00E1
:102C3000A8421BD9D9F8F80F20F00F002843C9F893
:102C4000F80FFFF769FA064641F28837D9F8F80F0E
:102C500000F00F00A84209D0FFF75EFA801BB842CF
:102C6000F4D90320C0B201B0BDE8F083207840075A
:102C700007D5D9F80000E16820F4E0600843C9F8FE
:102C800000002078000708D5D9F80000216920F459
:102C9000605040EAC100C9F8000000F049F8D9F8D6
:102CA0000010C1F303114BF2F822C0F60002515C90
:102CB00001F01F01C84040F20401C2F200010860A7
:102CC00040F23000C2F20000006801B0BDE8F043FD
:102CD000FFF7CCBC40F20400C2F20000006870476D
:102CE00080B5FFF7F7FF41F20801C4F2020109685D
:102CF000C1F302214BF20832C0F60002515C01F030
:102D00001F01C84080BD000080B5FFF7E3FF41F21E
:102D10000801C4F202010968C1F3C2214BF2083272
:102D2000C0F60002515C01F01F01C84080BD0000E8
:102D300041F20C01C4F2020151F8040C00F00C0045
:102D400042F20042C0F2F4020428104608BF704765
:102D500051F8040C00F00C0341F20020C0F27A009C
:102D6000082B1FD051F8043C03F00C030C2B1CBFA4
:102D7000002070470B6803F00303032B08BF0246D3
:102D80000868C0F303100130B2FBF0F00A68C2F328
:102D9000062250430968C1F34161022202EB41015E
:102DA000B0FBF1F0704700002DE9F04381B004461C
:102DB0005CB32078C00741F20009C4F2020941F275
:102DC0000C07C4F2020725D12078800749D4207867
:102DD000000740F1B1806169D7F88800002900F050
:102DE000988040F00100C7F88800FFF795F9054684
:102DF000D7F8880010F0020F40F09E80FFF78CF9A2
:102E0000401B0228F4D9032000E00120C0B201B029
:102E1000BDE8F08357F8040C00F00C01386808296D
:102E20004DD00C39B1FA81F1490900F003000338A3
:102E3000B0FA80F040090840012840D06168B1F53F
:102E4000803F09D0D9F80000B1F5A02F40F0D7801D
:102E500040F48020C9F80000D9F8000040F4803028
:102E6000D5E057F8040C00F00C013868042932D082
:102E70000C39B1FA81F1490900F003000238B0FAC7
:102E800080F040090840012825D0E168D9F8000009
:102E9000002900F0958040F48070C9F80000FFF729
:102EA0003BF90546D9F8000010F4806F40F09D8092
:102EB000FFF732F9401B0228F4D90320A6E7D9F81E
:102EC000000010F4003F3FF47FAF606800287FF4FB
:102ED0007BAF01209AE7D9F8000010F4806F03D08F
:102EE000E068002800F03C8157F8080C216920F0C8
:102EF000FE4040EA016047F8080C40F23000C2F2A0
:102F000000000068FFF7B2FB00283FF460AF01202B
:102F10007CE720F00100C7F88800FFF7FDF80546C0
:102F2000D7F8880010F0020F06D0FFF7F5F8401B25
:102F30000228F5D9032069E72078400740F1BB80DB
:102F4000F86C10F0805F0BD1F86C40F08050F864A2
:102F5000F86C00F08050009000984FF0010801E0FC
:102F60004FF0000846F20006CFF6FE7659F806004C
:102F700010F4807F14D159F8060040F4807049F8AD
:102F80000600FFF7C9F8054659F8060010F4807FDF
:102F900006D1FFF7C1F8401B0228F5D9032035E719
:102FA000A168012907D0D7F88400052951D140F044
:102FB0000400C7F88400D7F8840040F0010050E016
:102FC00020F48070C9F80000FFF7A6F8054600BF9E
:102FD000D9F8000010F4806F3FF4F9AEFFF79CF8C9
:102FE000411B03200229F3D910E757F8080C216987
:102FF00020F0FE4040EA016047F8080CE7E620F4C4
:103000008030C9F80000D9F8000020F48020C9F809
:1030100000006668FFF780F805466EB1D9F8000039
:1030200010F4003F7FF4D0AEFFF776F8401B642821
:10303000F4D90320EAE600BFD9F8000010F4003FFD
:103040003FF4C2AEFFF768F8411B03206429F3D9AF
:10305000DCE620F00100C7F88400D7F8840020F0F7
:103060000400C7F88400A668FFF756F805466EB15D
:1030700041F28836D7F8840010F0020F14D1FFF720
:103080004BF8401BB042F5D90320BFE641F2883629
:10309000D7F8840010F0020F06D0FFF73DF8411B6F
:1030A0000320B142F4D9B1E6B8F1010F02BFF86CC8
:1030B00020F08050F864207880062BD5A169D7F8DD
:1030C0008C0099B140F00100C7F88C00FFF724F89C
:1030D000054600BFD7F88C0010F0020F1AD1FFF799
:1030E0001BF8411B03200229F4D98FE620F00100D0
:1030F000C7F88C00FFF710F8054600BFD7F88C0022
:1031000010F0020F06D0FFF707F8411B0320022939
:10311000F4D97BE6E069002800F0B28057F8041C7F
:1031200001F00C010C2903D101281BD101206DE60F
:10313000D9F8001021F08071C9F80010022847D199
:10314000FEF7EAFF054600BFD9F8000010F0007F47
:1031500058D0FEF7E1FF411B03200229F4D955E6C0
:10316000012053E63868216A00F003028A4240F0E9
:103170008980616A6FF00F0202EB011100F0F0022A
:103180008A4240F08180A16A00F4FE42B2EB012F36
:103190007CD1E16A00F07842B2EBC16F78D1216B4B
:1031A0000022CFF6E07202EA0151A1F5001100F40D
:1031B000C0028A426ED1616B4FF07E4202EA016129
:1031C00001F17E4100F0C060884259D001201DE627
:1031D000386820F00300386038684FF6FF71CFF68A
:1031E000EE6108403860FEF797FF0446D9F800000A
:1031F00010F0007F44D0FEF78FFF011B032002294F
:10320000F4D903E6386804F120064ECE6FF00F05BE
:1032100005EB021248F20C05C0F29F152840084346
:10322000104340EA0320216B0022CFF6E07202EA4D
:103230000151A1F50011084340EAC660616B4FF0EF
:103240007E4202EA016101F17E4108433860D9F80B
:10325000000040F08070C9F80000386840F08070CD
:103260003860FEF759FF0446D9F8000010F0007FDF
:1032700006D1FEF751FF011B03200229F4D9C5E551
:103280000020C3E50120C1E50120BFE50120BDE527
:103290000120BBE50120B9E510B50446002C04BFB0
:1032A000012010BD606A20B10020206104F11400EB
:1032B00005E06068B0F5827F03D004F11C000021B6
:1032C00001600020A06294F85D1021B984F85C00D0
:1032D000204600F065F8022084F85D00206801684F
:1032E00021F040010160E1684FF48050B1F5E06FDA
:1032F00088BF002041F40061B1F5706F1CBF002150
:10330000A162D4E900C2A368216902F4827203F4C5
:10331000044342EA030201F0020141EA0201626948
:1033200002F0010241EA0201A26902F4007241EADC
:103330000201E26902F0380241EA0201226A02F067
:10334000800241EA0201A26A02F4005241EA02014B
:10335000CCF80010D4F800C0E268636A616B03F037
:10336000100340EA0300638B03F0040340EA030008
:1033700001F0080140EA010002F4706140EA010036
:10338000CCF804002068C16921F40061C1614FF0EC
:10339000000020664FF0010184F85D1010BD0000B0
:1033A00080B586B000210591CDE90311CDE9011169
:1033B000006843F20002C4F20102904201D006B05C
:1033C00080BD41F24C00C4F20200426942F48052D6
:1033D0004261426902F480520092009A026842F00F
:1033E00001020260006800F0010000900098E020F7
:1033F00001900220CDE9020104910520059001A968
:103400004FF09040FEF798FD06B080BD03F0F4BA8F
:1034100070470000704700007047000090F83C20A3
:10342000012A02BF0221C8B27047B0B54FF00102B5
:1034300080F83C20D1E900C3D1E902E248F2FF74F0
:10344000CFF6F07403EA040322F47C522EF4705495
:1034500042EA040242EA03022CF4772342EA03021E
:103460000B6923F4762342EA03024B6942EA030222
:1034700022F474220B6B23F4702342EA03028B695B
:1034800042EA0342036842F6004CC4F2010C634571
:103490001EBF45F20004C4F20104A34205D043F26A
:1034A0000044C4F20104A34203D1CC6922F080524B
:1034B000224363451EBF45F20004C4F20104A34247
:1034C00005D043F20044C4F20104A34222D1D1E961
:1034D000083E8C6A0025CFF6F04505EA045422F038
:1034E0007C72224323F000731A4342EA0E020368FF
:1034F00063451EBF45F20005C4F20105AB4205D08D
:1035000043F20045C4F20105AB4203D1C96A22F07F
:1035100000520A4301684A64002180F83C10BDE86B
:10352000B040C8B27047000070470000704700000C
:103530007047000090F83C300222012B6CD010B58F
:10354000012380F83C3080F83D2003685A68D3F8A6
:1035500008C042F6004EC4F2010E73451EBF45F28C
:103560000004C4F20104A34205D043F20044C4F2B3
:103570000104A34203D14C6822F4700222434FF6A7
:103580008F74CFF6FF5422400C6822435A600368C0
:1035900042F6FF32C4F2010293420BDC40F2FF72AA
:1035A000C4F20002934210DCB3F1804F26D040F207
:1035B000004212E043F6FF72C4F20102934211DCB2
:1035C00073451BD043F2004214E040F60002C4F2FF
:1035D0000002934212D040F60042C4F2000293422D
:1035E0000CD011E045F20002C4F20102934205D072
:1035F00044F20002C4F20102934205D189682CF022
:103600008002114302689160012180F83D10002280
:1036100080F83C20BDE81040D0B2704770470000F1
:1036200010B50446002C04BF012010BD94F83D00E5
:1036300028B9002084F83C00204600F023F802203E
:1036400084F83D002068211D03F044FA012084F82D
:10365000480084F83E0084F83F0084F8400084F875
:10366000410084F8420084F8430084F8440084F860
:10367000450084F8460084F8470084F83D000020A7
:1036800010BD000080B584B0016841F25800C4F25A
:10369000020044F20002C4F2010291421FD041F242
:1036A0000002C4F20002914224D040F60042C4F26B
:1036B000000291421CD1016841F0080101600068DC
:1036C00000F0080003900398322002210022FFF747
:1036D00015F8322004B0BDE88040FFF70DB88168CE
:1036E00041F480318160806800F48030019001985D
:1036F00004B080BD016841F010010160006800F075
:1037000010000290029804B080BD000090F83D10B7
:1037100001291EBF0121084670474FF0020180F8C1
:103720003D100168CA6842F00102CA60016842F6B1
:10373000FF32C4F2010291420BDC40F2FF72C4F28C
:103740000002914214DCB1F1804F2AD040F20042D5
:1037500016E043F6FF72C4F20102914215DC42F614
:103760000042C4F2010291421BD043F2004214E035
:1037700040F60002C4F20002914212D040F600422C
:10378000C4F2000291420CD017E045F20002C4F2EC
:103790000102914205D044F20002C4F201029142BA
:1037A0000BD1016889680722C0F201020A4000219A
:1037B000062A18BFB2F5803F05D00068016841F0C5
:1037C00001010160002108467047000010B50B465A
:1037D000044694F83C100220012969D0012184F8A4
:1037E0003C1084F83D00206881688822CFF6CE72B4
:1037F000114081601968B1F5005F0BDA3F291FDDC8
:103800005F292DDD602955D070295BD0B1F5805F2F
:1038100047D078E02F20C0F21000814216DD4F2003
:10382000C0F21000814227DD5020C0F2100081421A
:103830001EBF6020C0F2100081422FD0702029E00E
:103840001F2920DC51B3102928D05CE0B1F1101FF2
:103850001EDAB1F5005F42D0B1F5801F1ED052E0F4
:10386000402948D050294ED15968DA68206803F0C1
:103870008BFB2068502112E03020C0F21000814202
:103880000CD0402006E0202918BF302906D03AE0AD
:1038900004D02020C0F21000814234D1206803F00F
:1038A000D1F90020012184F83D10002184F83C105A
:1038B000C0B210BD5968DA68206803F077FB206851
:1038C0006021ECE7D3E90121DB68206803F0B0F95F
:1038D00020688068216840F077008860E1E7D3E9DC
:1038E0000121DB68206803F0A3F92068816841F4B6
:1038F00080418160D5E75968DA68206803F044FBAD
:1039000020684021CBE70120CCE700002DE9F047FB
:103910000D460446002C04BF0120BDE8F08794F852
:103920003D0028B9002084F83C00204600F050F803
:10393000022084F83D00206881684BF6F872CFF6CB
:10394000FE72114081602068211D03F0C3F82068D9
:1039500080682168D1F818902268D2F820C0D5E993
:10396000003E05F1080A9AE84404D5E90581EF69AB
:1039700018432B6A2568A8604FF6FF7029EA0000FB
:10398000304342EA01214FF6FC429143084340EAAA
:10399000072040EA0A1040EA0330216888612CF0D1
:1039A000AA0040EA0E0040EA0810216808620120DF
:1039B00084F8480084F83E0084F83F0084F844000E
:1039C00084F8450084F83D000020BDE8F087000041
:1039D00080B586B000210591CDE90311CDE9011133
:1039E000026841F24C01C4F2020140F20040C4F608
:1039F000000040F2FF73C4F200039A4224DCB2F1EB
:103A0000804F57D040F20043C4F200039A4240F086
:103A10009780CA6842F00202CA60CA6802F00202D5
:103A20000092009A0A6842F002020A60096801F0F6
:103A3000020100910099302101910221029100229E
:103A4000CDE90322059151E040F60003C4F20003E2
:103A50009A4250D042F60043C4F201039A426FD119
:103A60004A6942F400624A614A6902F400620092C3
:103A7000009A0A6842F010020A60096801F0100119
:103A8000009100994FF420610191022102910022DE
:103A9000CDE90322059100F5406001A9FEF74CFA3B
:103AA0001A200F210022FEF729FE1A20FEF724FE1D
:103AB00006B080BDCA6842F00102CA60CA6802F05E
:103AC00001020092009A0A6842F008020A6009683E
:103AD00001F0080100910099182101910221029141
:103AE0000022CDE90322059100F5006001A9FEF74F
:103AF00023FA06B080BDCA6842F00402CA60CA68F0
:103B000002F004020092009A0A6842F002020A607F
:103B1000096801F0020100910099C0210191022180
:103B200002910022CDE90322059101A9FEF704FAD2
:103B30001E2003210022FEF7E1FD1E20FEF7DCFD22
:103B400006B080BD10B5044694F83E3094F83F208E
:103B500094F844E094F845C0012004290BD0A9B999
:103B6000012B08BFBEF1010F37D1022084F83E00BF
:103B700084F8440026E0012A08BFBCF1010F2CD1D3
:103B8000022084F83F0084F8450018E0012B08BFAC
:103B9000012A22D1BEF1010F08BFBCF1010F1CD1D7
:103BA000022084F83E0084F83F0084F8440084F842
:103BB000450039B120680021012203F029F820686E
:103BC000042101E020680021012203F021F820688F
:103BD000016841F001010160002010BD7047000044
:103BE00010B504462068016911F0020F1CBFC168BE
:103BF00011F0020F15D06FF0020101610120207752
:103C00002068806910F0030F03D02046FFF7E6FF1D
:103C100005E0204600F040F9204600F015FA0020AB
:103C200020772068016911F0040F1CBFC16811F0F2
:103C3000040F15D06FF00401016102202077206885
:103C4000806910F4407F03D02046FFF7C7FF05E0EE
:103C5000204600F021F9204600F0F6F900202077F8
:103C60002068016911F0080F1CBFC16811F0080F2E
:103C700015D06FF008010161042020772068C06929
:103C800010F0030F03D02046FFF7A8FF05E0204601
:103C900000F002F9204600F0D7F9002020772068D4
:103CA000016911F0100F1CBFC16811F0100F15D081
:103CB0006FF010010161082020772068C06910F4BE
:103CC000407F03D02046FFF789FF05E0204600F043
:103CD000E3F8204600F0B8F9002020772068016959
:103CE00011F0010F1CBFC16811F0010F05D06FF07A
:103CF00001010161204600F04DFA2068016911F0D0
:103D0000800F1CBFC16811F0800F05D06FF08001DB
:103D100001612046FFF77EFB2068016911F4807F76
:103D20001CBFC16811F0800F05D06FF48071016174
:103D30002046FFF76DFB2068016911F0400F1CBFA2
:103D4000C16811F0400F05D06FF0400101612046BD
:103D500000F044FA2068016911F0200F1CBFC1680F
:103D600011F0200F05D06FF0200101612046FFF710
:103D700053FB2068016911F4801F1CBFC16811F456
:103D8000801F05D06FF4801101612046FFF7CEFB44
:103D90002068016911F4001F1CBFC16811F4001FE5
:103DA00005D06FF4001101612046FFF7BDFB2068CC
:103DB000016911F4800F1CBFC16811F4800F05D098
:103DC0006FF4800101612046FFF7B2FB20680169B2
:103DD00011F4000F1CBFC16811F4000F00D110BD19
:103DE0006FF4000101612046BDE81040FFF716BCEA
:103DF00080B586B000210591CDE90311CDE901110F
:103E0000036841F24C0CC4F2020C40F20040C4F6CC
:103E1000000044F20002C4F20102934222D043F2B5
:103E20000041C4F201018B4234D1DCF8001041F0B2
:103E30000401CCF80010DCF8001001F0040100913E
:103E400000994FF470710191022102910021CDE996
:103E500003110421059100F5806001A9FEF76CF8BB
:103E600006B080BDDCF8002042F00202CCF8002051
:103E7000DCF8002002F002020092009A4FF4404267
:103E800001920222CDE9022104910121059101A9AB
:103E9000FEF752F806B080BD70470000B0B50D4681
:103EA000044694F83C00012802BF0220C0B2B0BD15
:103EB0004FF0010084F83C004FEAB201052900F2FE
:103EC0007380DFE801F003152638495B2068294636
:103ED00002F0C4FE2068816941F008018161206818
:103EE000816921F00401816129692068183057E057
:103EF0002068294602F0F4FE2068816941F40061DF
:103F000081612068816921F48061816120681830B5
:103F100044E02068294602F033FF2068C16941F07F
:103F20000801C1612068C16921F00401C1612969EA
:103F300020681C3034E02068294602F071FF2068B8
:103F4000C16941F40061C1612068C16921F48061E7
:103F5000C16120681C3021E02068294602F0B0FFD2
:103F60002068016D41F0080101652068016D21F0B4
:103F70000401016529692068503011E02068294654
:103F800002F0D0FF2068016D41F4006101652068F6
:103F9000016D21F4806101652068503029690902B2
:103FA0000268114301600020002184F83C10C0B277
:103FB000B0BD000010B50446002C04BF012010BDA8
:103FC00094F83D0028B9002084F83C00204600F019
:103FD00023F8022084F83D002068211D02F07AFDBC
:103FE000012084F8480084F83E0084F83F0084F8FB
:103FF000400084F8410084F8420084F8430084F8CB
:10400000440084F8450084F8460084F8470084F8AA
:104010003D00002010BD0000006843F20041C4F2E2
:104020000101884218BF704781B041F26000C4F2BC
:104030000200016841F400510160006800F4005082
:104040000090009801B0704770470000B0B504467A
:1040500049B10A1F01234FEAB2050520042D38BFDC
:1040600003EBB20000E00020204490F83E0001285D
:104070001CBF0120B0BD61B1081F4FEAB00003288A
:104080000BD8DFE800F0020E1216022084F83F0081
:1040900012E0022084F83E000EE0022084F8430083
:1040A0000AE0022084F8400006E0022084F8410083
:1040B00002E0022084F8420020680125012202F07B
:1040C000A7FD2068A0F18041A1F596314FEAB1210A
:1040D000072957D805FA01F111F0E50F52D02068F1
:1040E000416C41F400414164206842F6FF31C4F262
:1040F000010188420BDC40F2FF71C4F200018842EA
:1041000014DCB0F1804F2AD040F2004116E043F6B3
:10411000FF71C4F20101884215DC42F60041C4F28D
:10412000010188421BD043F2004114E040F6000137
:10413000C4F20001884212D040F60041C4F20001EE
:1041400088420CD017E045F20001C4F20101884218
:1041500005D044F20001C4F2010188420BD120686D
:1041600080680721C0F2010101400020062918BF24
:10417000B1F5803F05D02068016841F00101016080
:104180000020B0BD45F20001C4F201018842ABD16C
:10419000A5E7000010B5044640F6F052C2F2000256
:1041A000D2E90201013041F10001C2E90201052218
:1041B0000023FCF72DF840F2E440C2F200008442F4
:1041C00008BF52EA030000D010BD40F6F050C2F222
:1041D0000000BDE8104006F04BBA00007047000038
:1041E00090F88010012902BF0221C8B270474FF039
:1041F0002401C0F8841001680A680B6823F00103E9
:104200000B604FF000014166036822F000521A6013
:104210004FF02002C0F8842080F88010C8B27047A8
:1042200010B50446D4F88800202808D101200029C0
:1042300018BF002A22D094F88000012801D1022062
:1042400010BD012084F88000E066204603F050FD98
:10425000002818BF10BDE16E01291CBF012010BD50
:1042600021684FF010020A62216851E8001F22689D
:1042700041F0100142E80013002BF5D110BD000001
:10428000F0B581B00C4640F27871C2F2000188426C
:1042900032D1802C30D840F6CE05C2F200052E88EF
:1042A000A64218D97F2E09D840F64D07C2F2000762
:1042B000B85D05F0F9FB0136802EF9D1C4B140F6A6
:1042C0004D06C2F20006274616F8010B05F0ECFB7E
:1042D000013FF9D10CE00BD2A71B40F64D00C2F212
:1042E0000000064416F8010B05F0DEFB013FF9D192
:1042F000802C08BF00242C8001B0F0BD7047000066
:10430000B0B5044694F88000012802BF0220C0B274
:10431000B0BD4FF0010084F880004FF02400C4F8D5
:10432000840020680568026822F0010202602068AB
:10433000826822F0606241EA02018160204602F058
:104340004DFE206805604FF02000C4F884004FF057
:10435000000084F88000C0B2B0BD0000B0B50446D3
:1043600094F88000012802BF0220C0B2B0BD4FF017
:10437000010084F880004FF02400C4F88400206815
:104380000568026822F0010202602068826822F05B
:10439000604241EA02018160204602F01FFE20686F
:1043A00005604FF02000C4F884004FF0000084F84E
:1043B0008000C0B2B0BD0000704700007047000030
:1043C00010B50446206850E8000F216820F4907072
:1043D00041E80002002AF5D14FF6FE70CEF6FF70DC
:1043E000216851E8021F0140226842E80213002BB5
:1043F000F6D1E06E012809D1206850E8000F21684D
:1044000020F0100041E80002002AF5D12068806801
:1044100010F0400F1CD000BF206850E8020F216848
:1044200020F0400041E80202002AF5D1E06F78B1A7
:1044300000218163FDF7BAFB50B1E06FFDF72EFC60
:10444000202805D11020C4F88C000320C0B210BD74
:104450000020A4F85E0021680F220A6221688A69A0
:1044600042F008028A612021C4F88810E066C0B2D8
:1044700010BD000010B50446206850E8000F216808
:1044800020F0C00041E80002002AF5D1206850E881
:10449000020F216820F4000041E80202002AF5D151
:1044A0002068806810F0800F1CD000BF206850E8A2
:1044B000020F216820F0800041E80202002AF5D1B5
:1044C000A06F78B100218163FDF770FB50B1A06F40
:1044D000FDF7E4FB202805D11020C4F88C00032050
:1044E000C0B210BD0020A4F85600606EB0F1005FAD
:1044F00001BF2068816941F0100181614FF0200007
:10450000C4F884004FF00000C0B210BDB0B504463E
:1045100040F2C850C2F20000844226D040F25860F7
:10452000C2F2000084422CD040F27875C2F200053D
:10453000AC4218BFB0BD2046FFF742FF40F6CE00A8
:10454000C2F200004FF00001018040F64D01C2F2BE
:10455000000128464FF08002FFF762FEE86F006816
:10456000016821F004010160B0BD40F2C850C2F200
:10457000000041F25011C2F20001012200F072FB72
:10458000B0BD2046FFF71CFF2068082101622068AB
:104590000221016220680421016220680121016278
:1045A00040F6F050C2F20000002180F84711C4F834
:1045B0008C1000F59A70BDE8B04006F02BB80000F2
:1045C000B0B504462268D16940F62F0001EA000325
:1045D0001068D2F808E0202B0DD100F020020EF078
:1045E00080531A4307D0216F002900F066812046CE
:1045F000BDE8B040084740F60F020A4000F09B803B
:1046000040F22012C0F2004202400123C1F2000336
:104610000EEA030C52EA0C0200F08D80CA0718BFA4
:1046200010F4807208D0226801231362D4F88C2021
:1046300042F00102C4F88C200EF001038A0709D56C
:1046400043B1226802251562D4F88C2042F004029E
:10465000C4F88C204A0709D543B1226804231362A9
:10466000D4F88C2042F00202C4F88C200A070DD541
:1046700000F0200252EA0C0208D0226808231362DC
:10468000D4F88C2042F00802C4F88C200A050CD51E
:1046900010F0806209D022684FF400631362D4F8EE
:1046A0008C2042F02002C4F88C20D4F88C20002A00
:1046B00000F0038111F020011EBF00F020000EF079
:1046C000805150EA010004D0216F00291CBF204610
:1046D0008847D4F88C0000F028002168896801F030
:1046E0004001084300F0E380204602F0EFFD20681F
:1046F000806810F0400F00F0CE8000BF206850E8C6
:10470000020F216820F0400041E80202002AF5D1A2
:10471000E06F002800F0BF8047F27D11C0F6000175
:104720008163FDF779FA002800F0C780E06F816BA4
:10473000BDE8B040084701EA0003DA06E26E40D562
:10474000012A3ED12068102101622068806810F0A3
:10475000400F44D1B4F85C00B4F85E10B4F85E20A9
:10476000002A1EBF401A81B2002900F0A68000BFB7
:10477000206850E8000F226820F4907042E800039F
:10478000002BF5D14FF6FE70CEF6FF70226852E88E
:10479000022F0240236843E80225002DF6D1202095
:1047A000C4F888000020E066206700BF206850E859
:1047B000000F226820F0100042E80003002BF5D122
:1047C00057E0CA025AD51EF4800257D020684FF431
:1047D000801101622046BDE8B040FFF7EFBDE06FF9
:1047E0000068406881B2002967D0B4F85C2091422B
:1047F00063D2A4F85E00E06F0068006810F0200F3C
:1048000031D100BF206850E8000F216820F480708B
:1048100041E80002002AF5D1206850E8020F216823
:1048200020F0010041E80202002AF5D1206850E89A
:10483000020F216820F0400041E80202002AF5D171
:104840002020C4F888000020E06600BF206850E8FF
:10485000000F216820F0100041E80002002AF5D185
:10486000E06FFDF7A3F9B4F85C00B4F85E10401AED
:1048700081B22046BDE8B040FFF702BD0A060FD561
:1048800000F080020EF400052A4309D0616F002970
:104890007FF4ADAE11E02046BDE8B040FFF736BE74
:1048A0005A060BD52046BDE8B04002F03DBD20467B
:1048B000FFF72CFE0020C4F88C00B0BD0A0207D51B
:1048C00010F0804204D02046BDE8B040FFF774BD30
:1048D000C901F2D5B0F1FF3FC8BFB0BD2046BDE869
:1048E000B040FFF70BBD000010B50446ACB1D4F8E2
:1048F000840028B9002084F88000204600F02AF8BF
:104900002420C4F884002068016821F001010160BE
:10491000204603F093F8012801D1012010BDA06AC0
:1049200000281CBF204602F089FB2068416821F462
:10493000904141602068816821F02A0181602068EF
:10494000016841F0010101602046BDE8104002F01D
:10495000DBBB00002DE9F0479CB0044600201B9013
:10496000CDE91900CDE9170002A85421FBF788FC16
:10497000206840F20808C4F2020841F24C06C4F272
:10498000020640F60009C4F6000944F6FF31C4F2FD
:104990000001884271DC44F20041C4F20001884207
:1049A00000F0EC8044F60001C4F20001884240F0BF
:1049B0001B81042002900027059702A8FDF724FF21
:1049C000002818BFFCF77EFBF06840F48020F06000
:1049D000F06800F4802001900198306840F01000E9
:1049E0003060306800F0100001900198306840F0AD
:1049F00002003060306800F00200019001984FF42E
:104A0000004017904FF0020ACDE918A71A974FF00F
:104A100007051B9509F5006017AE3146FDF78CFAC6
:104A20004FF48060CDE9170ACDE919771B95A9F5F8
:104A300080603146FDF780FA40F25825C2F2000549
:104A40004FF01D004FF010014FF08002C5E90080CB
:104A5000C5E90217C5E90427C5E906774FF40050F8
:104A600028622846FDF790F9002818BFFCF72AFBBA
:104A7000A567AC621CB0BDE8F08743F60001C4F244
:104A80000101884200F0B38044F60041C4F2000105
:104A9000884240F0A980082002900027069702A8CB
:104AA000FDF7B2FE002818BFFCF70CFBF06840F4DD
:104AB0000020F060F06800F4002001900198306858
:104AC00040F004003060306800F00400019001986C
:104AD0004FF4406017904FF00200CDE918071A9785
:104AE0004FF005001B9017A94846FDF725FA08F17D
:104AF000780040F29815C2F200054FF01E014FF009
:104B000080064FF0200285E88300C5E90376C5E9F9
:104B10000577EA614FF4005028622846FDF734F922
:104B2000002818BFFCF7CEFAE567AC6208F1140064
:104B300040F2F815C2F200054FF01F014FF01002CD
:104B40004FF0000385E84F00C5E90533EB614FF4F2
:104B5000805028622846FDF717F9002818BFFCF797
:104B6000B1FAA567AC624FF034004FF003014FF08B
:104B70000002FDF7C3FD4FF034006EE00224029402
:104B80000025049502A8FDF73FFE002818BFFCF79A
:104B900099FAF06840F40030F060F06800F40030FA
:104BA00001900198306840F001003060306800F0FA
:104BB0000100019001984FF00C0017A931C11A951E
:104BC0004FF007001B9017A94FF09040FDF7B4F984
:104BD0004FF026004FF000014FF00002FDF78EFD70
:104BE0004FF02600FDF788FD1CB0BDE8F0870120DE
:104BF00002900024039402A8FDF706FE002818BFC7
:104C0000FCF760FA706940F480407061706900F4EC
:104C1000804001900198306840F0040030603068B6
:104C200000F00400019001984FF0300017904FF011
:104C30000200CDE918041A944FF007001B9017A941
:104C40004846FDF779F94FF025004FF007014FF086
:104C50000002FDF753FD4FF02500FDF74DFD1CB0A0
:104C6000BDE8F087D0F88830202B08D10123002937
:104C700018BF002A2BD090F88030012B02D10223DC
:104C8000D8B2704780B5012380F880300023C36616
:104C9000D0F800C048F20003C4F200039C451CBFDA
:104CA000DCF8043013F4000F0CD000BF036853E8A5
:104CB000003FD0F800C043F080634CE8003EBEF1F6
:104CC000000FF3D103F068F80023BDE88040D8B2AC
:104CD0007047000010B540F25861C2F200018842EE
:104CE00026D040F2C851C2F20001884218BF10BD60
:104CF00041F25010C2F20000007841F25111C2F2AC
:104D00000001087040F25C00C2F200000078002848
:104D100018BF05F0FFF840F2C850C2F2000041F29F
:104D20005011C2F200014FF00102FFF79BFF10BDCE
:104D300040F6F050C2F20000D0F848110131C0F83E
:104D40004811826890F8411100F59A74204605F0E8
:104D50000FFC2046BDE8104005F05CBC7047000029
:104D60002DE9F04782B0994616460D460446D4F820
:104D7000840020280AD10120002D18BF002E06D063
:104D800094F88000012806D1022000E00220C0B281
:104D900002B0BDE8F087012084F880004FF0000ADF
:104DA000C4F88CA02120C4F88400FDF7B5F9804632
:104DB000A4F85460A4F85660A068B0F5805F07D1ED
:104DC0002769002F4FF000060CBF2E462F4601E04A
:104DD0002F46002684F880A005E000BFB4F85600F6
:104DE0000138A4F85600B4F85600B0B1CDF80090E0
:104DF000204680210022434603F06CF8C0B92068A9
:104E000027B117F8011B8162E8E700BF36F8021BE3
:104E10006FF35F2181620027E0E7CDF80090204624
:104E200040210022434603F055F818B10320AEE7B5
:104E30000320ACE72020C4F884000020A7E700008E
:104E4000B0B513460446D4F88400202807D10029C1
:104E500018BF002B36D094F88000012802D1022020
:104E6000C0B2B0BD012084F880002165A4F85430A0
:104E7000A4F856300025C4F88C502120C4F88400D2
:104E8000A06F10B347F28121C0F6000147F2C5229E
:104E9000C0F6000247F28D1CC0F6000C00F12C0E8B
:104EA0008EE8061085632268216D2832FCF7E4FF46
:104EB00058B11020C4F88C00002084F88000202015
:104EC000C4F884000120C0B2B0BD20684021016256
:104ED00084F88050206850E8020F216840F080007C
:104EE00041E80202002AF5D10020C0B2B0BD0000A6
:104EF00040F27871C2F20001884208BF04F092BE0D
:104F00007047000070470000FEE7000040F2B82044
:104F1000C2F20000FDF75CB940F2B820C2F2000016
:104F2000FDF78AB9806A816B00291CBF00228A6361
:104F3000C16B00291CBF00228A6300F0F9BD00008C
:104F4000806A01684A6842F400424A60102100F019
:104F5000FFB8000010B5846A2068016821F40041A0
:104F60000160608DB8B1208D616A08446062608D17
:104F7000FF2894BF638DFF2323852168626AE06B5D
:104F800001F12401FCF778FF58B120461021BDE85B
:104F9000104000F0DDB820462021BDE8104000F0B0
:104FA00037B820464021BDE8104000F031B800007D
:104FB00011F0010F03D100228B0714D509E090F8FE
:104FC000412002F02803F222282B08BF42228B073F
:104FD00009D590F8413003F0280CF423BCF1280FD8
:104FE00008BF44231A430B0448BF42F0B8021029FB
:104FF00008BF42F09002202908BF42F02002402959
:1050000008BF42F0400200680168914301607047A8
:10501000D0F834C011F4004218BFB82245F23D73F5
:10502000C0F600039C451EBF45F6B503C0F600035D
:105030009C450ED1102908BF42F09002202908BFDC
:1050400042F0600242F040034039B1FA81F149096F
:105050000FE011F0010F18BF42F0F20211F0020F41
:1050600018BF42F0F40242F020032039B1FA81F176
:105070004909002918BF1A460068016811430160F8
:105080007047000001688A6912F0020F1CBF0022FD
:105090008A620068816911F0010F02BF816941F0E5
:1050A000010181617047000070B5044694F8410029
:1050B000216800F0280028281FD18869C0F3004526
:1050C0008869060C8868C968E268022A1BD186EAEA
:1050D000D01212F0060F21D001F0FE0620464FF448
:1050E0000041FFF765FF002084F840002046294674
:1050F0003246BDE87040FDF769B80820C86100205D
:1051000084F8400070BD20464FF40041FFF750FF87
:10511000002084F8400006F0FE0212E0A16C01318C
:10512000A164A16C022918BF70BD6FF39F204FF0DE
:105130000001A16422684FF00803D36184F8401095
:1051400082B220462946BDE87040FDF73FB8000016
:1051500010B5044694F84100002284F84220002350
:10516000CFF6FF73E3626285626C11436164283895
:10517000C0B2022809D820460321FFF719FF45F6DF
:10518000F110C0F6000028210AE0204648F2030191
:10519000FFF70EFF94F841100020602902D0202173
:1051A00084F841106063206BA16BF9B1212818BF0E
:1051B00011281BD12068016811F4804F1EBF0168BF
:1051C00021F480410160A06BFCF76AFD012821D029
:1051D000A06B44F62571C0F600018163002184F8BC
:1051E0004010FCF719FD68B3A06B27E0E16B89B1B3
:1051F000222818BF12280DD12068016811F4004F31
:105200001EBF016821F400410160E06BFCF748FD1E
:10521000012804D12046BDE8104000F089BCE06BB5
:1052200044F62571C0F600018163002184F8401026
:10523000FCF7F2FC002808BF10BDE06B816BBDE8F5
:105240001040084710BD0000B0B504460020CFF65E
:10525000FF70E06200252563202084F8410084F877
:1052600042506563480711D52068406A616A08703A
:10527000606A01306062208D40B101382085608D08
:1052800001386085606C40F004006064204648F29C
:105290000301FFF78DFE20681021C16184F84050A2
:1052A0002046BDE8B040FDF749B80000B0B582B077
:1052B0000D46044620682021C16194F84100212850
:1052C00005D120460121FFF773FE112008E094F874
:1052D0004100222805D120460221FFF769FE122055
:1052E0002063206841684EF60002CFF6006211404C
:1052F0004160002060630020CFF6FF70E062E806A6
:1053000006D520681021C161606C40F00400606423
:1053100094F84100690707D5602801BF2068406AFA
:10532000C0B2019008BF01982046FFF7ABFE616C48
:1053300094F84100B9B9602815D094F841002128AB
:1053400017D1202084F841000020206394F84210F7
:1053500084F8420084F84000204640291FD1FDF720
:1053600013F802B0B0BD616C2046FFF7F1FE02B049
:10537000B0BD94F84100222817D1202084F84100C4
:105380000020206394F8421084F8420084F8400022
:105390002046402907D1FCF7D7FF02B0B0BDFCF78B
:1053A000D1FF02B0B0BDFCF7CBFF02B0B0BD000032
:1053B000B0B50446002584F8425094F841002021FD
:1053C00084F8411021280DD1112020636563204607
:1053D0000121FFF7EDFD84F840502046BDE8B040C4
:1053E000FCF7B0BF12202063656320460221FFF75F
:1053F000DFFD84F840502046BDE8B040FCF7A0BF78
:1054000070B50D4604462068066894F841102022C5
:10541000C261A1F12100092816D848F20101DFE894
:1054200000F0050C131313131313050C204648F258
:105430000101FFF7BDFD212005E0481C81B2204697
:10544000FFF7B6FD222020632068416841F4004147
:105450004160206841684EF60002CFF600621140BC
:1054600041602046FFF70EFE700408D4300411D5C9
:105470002068016821F400410160E06B05E02068CC
:10548000016821F480410160A06B00281EBF006804
:1054900040686085680711D52068406A616A0870B5
:1054A000606A0130606225F00405208D00281FBF6E
:1054B00001382085608D013818BF6085608D002817
:1054C0001EBF606C40F0040060644FF0000084F880
:1054D00042006063606C70B1616C2046FFF738FE7B
:1054E00094F84100282818BF70BD20462946BDE821
:1054F0007040FFF7A9BEE06A10F5803F0FD194F825
:105500004100202184F841100021216384F84010DB
:10551000222817D12046BDE87040FDF785B8002548
:10552000CFF6FF75204600F013F8E562202084F8DE
:1055300041000020206384F840002046BDE8704010
:10554000FCF7FCBE2046BDE87040FDF76FB80000D8
:1055500010B5044620680068002184F8421010F459
:10556000804F04D1000408D56FF4004001E06FF4CF
:10557000804021680A681040086094F8410029289A
:1055800010D1282084F841002120206320460121E9
:10559000FFF70EFD002084F840002046BDE81040D3
:1055A000FDF744B894F841002A2818BF10BD4FF009
:1055B000280084F841004FF02200206320464FF07D
:1055C0000201FFF7F5FC4FF0000084F84000204690
:1055D000BDE81040FDF728B82DE9F04F81B0164620
:1055E0000D4604462068816911F0100F02D1002594
:1055F000002065E01021C1612068806910F0200F53
:1056000059D14FF000084FF0010B6F1C4FF000090B
:105610004FF0000A2FB1FCF77FFD4DB1801BA8426F
:1056200006D82068806949EA5010C007F2D03FE0F0
:105630002068426894F842308169202B1AD012F415
:10564000804217D111F4004114D0416841F48041E7
:105650004160FCF761FD06460CE0606C40F0200004
:105660006064202084F8410084F8428084F84080FF
:105670004FF0010A2068806910F0200F05D1FCF777
:105680004BFD801B1A28F5D3E7E75FFA8AF9B9F1D9
:10569000000FB9FA89F018BF4FF001094FEA501B0B
:1056A0002068806910F0200F08BFB9F1000FB1D059
:1056B0005FEACB7002D020682021C161012004255F
:1056C0002268916911F4807F1FBF4FF48070D06110
:1056D00045F0010501204A0506D520684FF4806297
:1056E000C26145F008050120890506D4002802BFE3
:1056F000002001B0BDE8F08F05E020684FF4007194
:10570000C16145F002052046FFF7BCFC20684168F6
:105710004EF60002CFF6006211404160606C2843F3
:105720006064202084F84100002084F8420084F85E
:105730004000012001B0BDE8F08F000010B582B03C
:10574000044694F84000012801D1022017E001200E
:1057500084F8400001EA0203D80613D5206810211E
:10576000C161606C40F00400606420462021FFF7B6
:105770004FFC2046FFF786FC002084F84000C0B2B2
:1057800002B010BD080640F20000CFF6FF7016D53B
:1057900012F0400213D021680A6822F040020A6029
:1057A000628D21684968DAB16FF39F21628DB2F58D
:1057B000807F26D3FF2020854FF0807329E05A0692
:1057C00019D5618D91B921684A6812F0007FD3D153
:1057D000E26A824206D1486840F480404860CBE7E4
:1057E000880103D42046FFF7E3FDC5E720464021AA
:1057F000FFF7AEFCC0E7980644BF2046FFF756FD12
:10580000BAE7628D2285E26A824214BFE36A4FF0F2
:10581000007394F828200020009089B2204600F000
:105820006BF9208D618D081A608594F841004FF462
:105830008041222808BF4FF40041206802681143CC
:10584000016099E72DE9F04182B01E4615460446F5
:1058500042F20000C8F200000090F2B2204600239D
:1058600000F04AF9DDE90887204641463A4600F053
:10587000AFF918B1012002B0BDE8F081012E09D0C6
:105880002068290A8162204641463A4600F0A0F984
:105890000028EFD12068E9B28162009720464021BC
:1058A0000022434600F058F9002818BF012002B03A
:1058B000BDE8F0812DE9F04116460D460446D4F8C6
:1058C0002C8094F84000012802BF0220C0B2BDE83D
:1058D000F0814FF0010084F8400005EA0607B806A1
:1058E00003D520462946FFF78BFDF8063DD516F473
:1058F000404F40D006F4804130044FF0000007D5FF
:10590000E26B002A1FBF10684068B0FA80F04009BF
:1059100000291CBFA16B002931D009684968012802
:1059200018BF00292DD020681021C161606C40F0A3
:105930000400606494F8410048F08071B1F1807F08
:105940003BD12138C1B209290AD840F2033222FAE8
:1059500001F1C9071FBF40B21BA151F8200020630D
:10596000616C2046FFF7F4FB27E0380744BF204670
:10597000FFF79AFB21E020681021C1611DE001289A
:10598000D1D194F84100B8F1007F08BF282804D194
:1059900020462946FFF758FC0FE094F841002168A3
:1059A0001022CA6118F5803F07D0292805D120466A
:1059B000FFF768FB2046FFF7CBFD002084F840008E
:1059C000C0B2BDE8F08100BF21000000220000004D
:1059D0002100000021000000210000002100000043
:1059E0002100000021000000210000002200000032
:1059F000F0B581B00D460446E66A94F840000128EF
:105A000001D102205DE0012084F8400005EA020790
:105A1000B80603D520462946FFF7F2FCF80640F207
:105A20000000CFF6FF7012D5618D31B320681021D0
:105A3000C161606C40F00400606446F08070B0F1B9
:105A4000807F3BD1616C2046FFF782FB36E079070F
:105A50001FD5618D61B12168496A626A1170616AFE
:105A600001316162218D01392185618D01396185A5
:105A7000618D864222D0F1B120E094F84110B6F158
:105A8000007F08BF28290AD120462946FFF7DCFB02
:105A900014E0380718D52046FFF706FB0EE094F80F
:105AA000411022681023D361864207D0292905D1ED
:105AB0002046FFF7E7FA2046FFF74AFD002084F86A
:105AC0004000C0B201B0F0BDB807F7D5608D68B135
:105AD0002068616A09788162606A01306062608D65
:105AE00001386085208D01382085E7E746F0807019
:105AF000B0F1807FDFD0E1E710B5DDF808C04FF4EA
:105B0000806E0EEA5C5E8EF07C4E8EF41C4E006859
:105B1000446804EA0E046FF39F21194341EA0241ED
:105B200041EA0C0121F000412143416010BD000019
:105B300090F84110602908D1202180F841100021FF
:105B4000016380F84010FCF73FBB0021016380F83F
:105B50004010FCF77DBB00002DE9F04381B01D46ED
:105B600016460F468146D9F8000080693840C01BB0
:105B7000B0FA80F04009B04214D1DDF820806C1CEE
:105B800034B1FCF7C9FA8DB1A0EB0800A8420DD8DA
:105B9000D9F8000080693840C01BB0FA80F0400995
:105BA000B042EDD0002001B0BDE8F083D9F8440048
:105BB00040F02000C9F84400202089F8410000206E
:105BC00089F8420089F84000012001B0BDE8F08367
:105BD000F0B581B015460E4604462068806910F085
:105BE000020F13D1771C00BF204631462A46FFF72B
:105BF000F3FCD0B92FB1FCF78FFA56B1401BB0427D
:105C000007D82068806910F0020FEDD0002001B0A5
:105C1000F0BD606C40F020006064202084F84100FA
:105C2000002084F8420084F84000012001B0F0BD5B
:105C300081684FF6C072C7F6FF72114041F0020151
:105C40008160704781684FF6C072C5F6FF721140DF
:105C50008160704781684FF6C072C7F6FF721140CD
:105C600041F001018160704781684FF6C072C6F64D
:105C7000FF72114041F0805181607047806800F0F0
:105C8000E0707047806800F460407047806800F002
:105C90001F00704700EB8100006E00F0F840704775
:105CA0008068C0F3C000704781684FF6C072C7F6C5
:105CB000FF72114041F02001816070478068C0F39D
:105CC000407070478068C0F340007047806800F003
:105CD00001007047806800F0010070478068C0F3E1
:105CE000007070478068C0F3800070478068C0F320
:105CF00080007047C06800F44060B0FA80F040094E
:105D00007047000001F01F0C1F2303FA0CF3C1F3CE
:105D1000012100EB8100016B9943C2F3846202FA16
:105D20000CF211430163704781684FF6C072C7F6E9
:105D3000FF72114041F004018160704781684FF6A5
:105D4000C072C7F6FF72114041F0100181607047C8
:105D5000C1F3045C072303FA0CF3C1F3406100EBC9
:105D600081004169994302FA0CF211434161704785
:105D70004FF6FF7CC0F2070C0023C4F27F039A4267
:105D800007D101EA0C01D0F8B0201143C0F8B010DF
:105D9000704741F0784141F0FF6181EA0C01D0F891
:105DA000B0201140C0F8B01070470000826822F4A3
:105DB0007C12114381607047826822F0E0721143C7
:105DC0008160704702F0F8421A4300EB8100016ED7
:105DD0004FF20003C0F2FF331940114341F000417C
:105DE0000166704700EB8100016E21F000711143E4
:105DF0000166704700EB8100016E21F08071114354
:105E00000166704700EB8100016E21F000410166E0
:105E100070470000426922F000421143416170471F
:105E200010B58CB000240B94CDE90944CDE90744AA
:105E3000CDE90544CDE90344CDE9014440F26000D9
:105E4000C2F2000040F20041C5F200014FF44032BE
:105E5000042380E81600C0E90344C0E90543047741
:105E600044770121016280F82440C0E90B4480F8A6
:105E70003840C46380F84040FBF77CFB002818BF23
:105E8000FBF720F9099440F26000C2F2000009A972
:105E9000FBF71EF9002818BFFBF714F940F60000C5
:105EA000C2F6306001904FF0060002904FF0030000
:105EB00003904FF07F0004904FF0040005904FF0E6
:105EC0000000069040F26000C2F2000001A9FBF75A
:105ED0009DF9002818BFFBF7F5F80CB010BD0000C5
:105EE000B0B588B00024CDE90644CDE90444CDE93D
:105EF0000244CDE9004440F2CC00C2F2000040F27E
:105F00000061C5F200014FF44032042580E816001C
:105F1000C0E90344C0E905450477012141770162E6
:105F200080F82440C0E90B4480F83840C46380F80E
:105F30004040FBF71FFB002818BFFBF7C3F840F2F7
:105F40000200C0F2304000904FF00600CDE901049D
:105F50004FF07F00CDE90305059440F2CC00C2F27A
:105F600000006946FBF752F9002818BFFBF7AAF8B2
:105F700008B0B0BD80B584B041F24800C4F2020060
:105F8000016841F004010160016801F0040103911E
:105F90000399016841F001010160016801F001010C
:105FA00002910299016841F002010160006800F06D
:105FB0000200019001980B2004210022FCF79EFBB7
:105FC0000B20FCF799FB0C2009210022FCF796FB23
:105FD0000C20FCF791FB112003210022FCF78EFB23
:105FE0001120FCF789FB382001210022FCF786FBF9
:105FF000382004B0BDE88040FCF77EBB2DE9F04FAF
:1060000087B00024069441F24C00C4F202000168FB
:1060100041F010010160016801F010010191019946
:10602000016841F004010160016801F0040101917F
:106030000199016841F020010160016801F020012F
:1060400001910199016841F001010160016801F0CD
:10605000010101910199016841F0020101600168AB
:1060600001F0020101910199016841F0080101600C
:10607000006800F008000190019840F20048C4F662
:10608000000808F5406B40F2C356584640F2C35131
:106090000022FCF739F808F5806A504643F20F01F8
:1060A0000022FCF731F808F5805948464FF400719A
:1060B0000022FCF729F84FF0904041F611410022F0
:1060C000FCF722F840460E210022FCF71DF808F5E7
:1060D00000652846E2210022FCF716F80296012707
:1060E000CDE90374059402AE58463146FBF724FF10
:1060F00043F20F00CDE90207CDE904445046314692
:10610000FBF71AFF4FF40070CDE90207CDE9044414
:1061100048463146FBF710FF41F61140CDE9020732
:10612000CDE904444FF090403146FBF705FF0E20C7
:10613000CDE90207CDE9044440463146FBF7FCFEB9
:106140004FF4006002A991C140463146FBF7F4FECE
:10615000E220CDE90207CDE9044428463146FBF7A9
:10616000EBFE042002A991C128463146FBF7E4FE6C
:1061700007B0BDE8F08F000080B540F2B820C2F251
:10618000000045F20041C4F20001016042F69B515B
:10619000C1F280014160002181600122C0E9071144
:1061A000C0E90511C0E90321FCF76AF8002818BF0F
:1061B000FAF788FF40F2B820C2F200004FF0000169
:1061C000FBF7B0FF002818BFFAF77CFF40F2B820B9
:1061D000C2F200004FF00001FBF7CEFF00281CBF09
:1061E000BDE88040FAF76EBF80BD000010B540F2F8
:1061F0000430C2F2000043F20001C4F201014FF486
:10620000827200234FF4407C4FF4007E102480E81B
:106210000E10C0E90433C0E906E407210822C0E9F2
:106220000833C0E90A31C0E90C32FDF735F800281F
:106230001CBFBDE81040FAF745BF10BD10B59CB0BB
:106240000024CDE91A44CDE91844CDE91644CDE93E
:106250001444CDE91244CDE91044CDE90E4401A81F
:106260003421FAF70DF840F2B430C2F2000044F2E3
:106270000001C4F201013B224CF24F334FF0800C7D
:1062800080E81600C0E90334C0E9054CFDF7C8F901
:10629000002818BFFAF716FF4FF48050189040F20C
:1062A000B430C2F2000018A9FDF790FA002818BF18
:1062B000FAF708FF40F2B430C2F20000FDF77AFEB0
:1062C000002818BFFAF7FEFE4FF00004159417944B
:1062D00040F2B430C2F2000015A9FDF72BF90028F6
:1062E00018BFFAF7EFFE4FF060001494CDE91244A6
:1062F000CDE91044CDE90E0440F2B430C2F2000002
:106300000EA94FF00002FDF7C9FD002818BFFAF7EB
:10631000D9FE40F2B430C2F200000EA94FF00402E0
:10632000FDF7BCFD002818BFFAF7CCFE4FF00000C7
:106330000590CDE90300CDE901004FF40051CDE90E
:1063400006100D9040F2B430C2F2000001A9FDF732
:1063500065F8002818BFFAF7B5FE40F2B430C2F273
:106360000000FDF745FD1CB010BD000010B58CB05D
:1063700000240294CDE9004440F26830C2F20000EB
:1063800042F60041C4F201014FF6FF72C0E9001469
:10639000C0E90242C0E9044484610321CDE9031449
:1063A0000121CDE90514CDE90744CDE909140B9489
:1063B00003A9FDF7ABFA002818BFFAF783FECDE971
:1063C0000044029440F26830C2F200006946FDF7D2
:1063D000B1F8002818BFFAF775FE0CB010BD000028
:1063E00010B58CB000240294CDE9004440F2004086
:1063F000C2F200004FF080414FF0FF32C0E90014BC
:10640000C0E90242046184610321CDE90314012142
:10641000CDE90514CDE90744CDE909140B9403A98E
:10642000FDF774FA002818BFFAF74CFE00940294A6
:1064300040F20040C2F200006946FDF77BF80028F8
:1064400018BFFAF73FFE0CB010BD000010B58CB0BD
:1064500000240294CDE9004440F24C40C2F2000016
:1064600040F20041C4F200014FF6FF72C0E900148F
:10647000C0E90242046184610321CDE903140121D2
:10648000CDE90514CDE90744CDE909140B9403A91E
:10649000FDF73CFA002818BFFAF714FE00940294A6
:1064A00040F24C40C2F200006946FDF743F8002874
:1064B00018BFFAF707FE0CB010BD000010B58CB085
:1064C00000240294CDE9004440F29840C2F200005A
:1064D00040F60001C4F200014FF6FF72C0E900145B
:1064E000C0E90242046184610321CDE90314012162
:1064F000CDE90514CDE90744CDE909140B9403A9AE
:10650000FDF704FA002818BFFAF7DCFD00940294A6
:1065100040F29840C2F200006946FDF70BF80028EF
:1065200018BFFAF7CFFD0CB010BD000080B588B0E1
:1065300000210791CDE90511CDE90311CDE9011144
:1065400040F2E440C2F2000040F60042C4F2000211
:10655000952340F2E73CC0E90023C0E9021C016139
:1065600080218161FDF75CF8002818BFFAF7AAFDC9
:106570004FF48050049040F2E440C2F2000004A9BD
:10658000FDF724F9002818BFFAF79CFD4FF0000032
:106590000190039040F2E440C2F2000001A9FCF730
:1065A000C9FF002818BFFAF78DFD08B080BD0000B4
:1065B00010B584B000240394CDE9014440F230507A
:1065C000C2F2000041F20001C4F200010222F923EC
:1065D00080E81600C36080218161FDF721F8002862
:1065E00018BFFAF76FFD0194039440F23050C2F2E5
:1065F000000001A9FCF79EFF002818BFFAF762FD12
:1066000004B010BD10B598B00024CDE91644CDE912
:106610001444CDE91244CDE91044CDE90E4401A85B
:106620003421F9F72DFE40F27C50C2F2000043F213
:106630000041C4F20101012242F233134FF0800CF9
:1066400080E81600C0E90334C0E9054CFDF7B2FC50
:10665000002818BFFAF736FDCDE91544179440F22B
:106660007C50C2F2000015A9FCF764FF002818BF97
:10667000FAF728FD4FF060000E904FF00000CDE9D2
:106680001300CDE91100CDE90F0040F27C50C2F2B9
:1066900000000EA94FF00002FDF700FC002818BF13
:1066A000FAF710FD40F27C50C2F200000EA94FF044
:1066B0000402FDF7F3FB002818BFFAF703FD40F2D0
:1066C0007C50C2F200000EA94FF00802FDF7E6FB75
:1066D000002818BFFAF7F6FC40F27C50C2F2000026
:1066E0000EA94FF00C02FDF7D9FB002818BFFAF7EE
:1066F000E9FC4FF000000590CDE90300CDE9010071
:106700004FF40051CDE90610CDE908004FF00071BB
:10671000CDE90A10CDE90C0040F27C50C2F2000035
:1067200001A9FCF77BFE002818BFFAF7CBFC40F26A
:106730007C50C2F20000FDF75BFB18B010BD0000FA
:1067400080B540F27870C2F2000044F60041C4F215
:10675000000101604FF4E13141600021C0E9021104
:1067600001610C22C0E90911C0E90711C0E9052146
:10677000FEF7BAF8002818BFFAF7A4FC40F27870C8
:10678000C2F200004FF00001FDF7E8FD002818BF3D
:10679000FAF798FC40F27870C2F200004FF0000166
:1067A000FDF7AEFD002818BFFAF78CFC40F27870B8
:1067B000C2F20000FDF714FD00281CBFBDE88040B8
:1067C000FAF780BC80BD000080B540F2C850C2F22C
:1067D000000043F60001C4F2010101604FF4E13111
:1067E00041600021C0E9021101610C22C0E90911D8
:1067F000C0E90711C0E90521FEF776F8002818BFA7
:10680000FAF760FC40F2C850C2F200004FF00001FD
:10681000FDF7A4FD002818BFFAF754FC40F2C85059
:10682000C2F200004FF00001FDF76AFD002818BF1A
:10683000FAF748FC40F2C850C2F20000FDF7D0FC65
:1068400000281CBFBDE88040FAF73CBC80BD0000BA
:1068500080B540F25860C2F2000044F20041C4F238
:10686000000101604FF4613141600021C0E9021173
:1068700001610C22C0E90911C0E90711C0E9052135
:10688000FEF732F8002818BFFAF71CFC40F25860F7
:10689000C2F200004FF00001FDF760FD002818BFB4
:1068A000FAF710FC40F25860C2F200004FF000010D
:1068B000FDF726FD002818BFFAF704FC40F25860E7
:1068C000C2F20000FDF78CFC00281CBFBDE8804030
:1068D000FAF7F8BB80BD000080B540F2E860C2F274
:1068E000000044F60001C4F2000101604FF47A3167
:1068F00041600021C0E9021101610C22C0E90911C7
:10690000C0E90711C0E90521FDF7EEFF002818BF17
:10691000FAF7D8FB40F2E860C2F200004FF0000145
:10692000FDF71CFD002818BFFAF7CCFB40F2E86029
:10693000C2F200004FF00001FDF7E2FC002818BF92
:10694000FAF7C0FB40F2E860C2F20000FDF748FC35
:1069500000281CBFBDE88040FAF7B4BB80BD000032
:10696000FEE70000FEE7000000F0070000F1040C65
:10697000C31EBCF1070F38BF002380F007000428B6
:1069800028BF04204FF0010C0CFA00F00138084039
:1069900098400CFA03F10139114008437047000098
:1069A0007047000041F20C00C4F202000168026866
:1069B000D0F800C00068C0F34160022303EB400040
:1069C00001F0030142F20043C0F2F403032904BFC3
:1069D00041F20023C0F27A03C2F3031101F1010175
:1069E000B3FBF1F1CCF3062202FB01F1B1FBF0F0B5
:1069F0007047000070470000B0B501380024B4EBC8
:106A0000106F1EBF01242046B0BD4EF21005CEF21D
:106A1000000568604FF0FF304FF00F0101F05AFBA6
:106A2000AC604FF0070028602046B0BDFBF700BE09
:106A300010B594B00024CDE90B44CDE90944CDE96B
:106A400007440594CDE90344CDE901440020FBF758
:106A500067FE022006904FF48071099140210A914F
:106A6000CDE90D0004210F915521CDE91010CDE99C
:106A7000120006A8FCF798F970B90F2001900320C6
:106A8000CDE90204CDE9044401A80421FCF72AF869
:106A9000002804BF14B010BDFAF714FB4EF688505E
:106AA000CEF20000016841F47001016070470000FF
:106AB00040F26830C2F20000FDF792B840F2984010
:106AC000C2F20000FDF78CB840F2E440C2F20000D0
:106AD000FDF786B8026840F6FF33C4F2000398421F
:106AE0000EDD43F2FF33C4F20103984218DC40F696
:106AF0000043C4F2000398421ED042F6004317E060
:106B0000B0F1804F1EBF40F20043C4F20003984230
:106B100012D040F60003C4F2000398420CD00FE0FC
:106B200045F20003C4F20103984205D043F200434A
:106B3000C4F20103984203D14B6822F070021A4359
:106B400043F2FF33C4F20103984214DC40F2FF73B6
:106B5000C4F20003984223DD40F60003C4F20003B0
:106B600098421EBF40F60043C4F2000398422DD065
:106B700042F6004326E044F2FF33C4F20103984298
:106B800018DD44F20043C4F2010398421EBF45F2EF
:106B90000003C4F20103984218D044F6000311E048
:106BA000B0F1804F12D040F20043C4F2000398428B
:106BB0000CD00FE043F20043C4F20103984205D029
:106BC00044F20003C4F20103984203D1CB6822F4DB
:106BD00040721A434B6922F080021A4302608A68AD
:106BE000C2620A688262A0F18042A2F596324FEA40
:106BF000B222092A08D8012303FA02F240F2E5235F
:106C00001A421CBF096901630121416170470000FC
:106C100001F01F01012303FA01FC036A23EA0C03BC
:106C2000036202FA01F1026A114301627047000037
:106C3000114341EA0321826822F47F4211438160BB
:106C40007047000082684FF68873CFF6CF731A4002
:106C5000114341F00701816070470000B0B5026A3E
:106C600022F001020262026AD0F804E083690C6833
:106C70008D6822F0020215434FF68C72CFF6FE7239
:106C80001A4042EA040CA0F18042A2F596324FEA83
:106C9000B222092A0CD80123934040F2E524234272
:106CA0001FBF25F00C03CC6824F0040444EA03055C
:106CB000092A0DD8012303FA02F240F2E5231A4211
:106CC0001FBFD1E905232EF44074224342EA030E8C
:106CD000C0F804E0C0F818C0496841630562B0BD5F
:106CE00070B5026A22F010020262026A4668836985
:106CF0000C688D6822F0200242EA051E48F6FF4229
:106D0000CFF6FF621A4042EA042C42F60042C4F277
:106D1000010290421EBF45F20002C4F201029042FD
:106D200005D043F20042C4F20102904208D1CA6881
:106D30006FF04F0303EA02122EF0C00342EA030E83
:106D4000A0F18042A2F596324FEAB222092A0ED86B
:106D5000012303FA02F240F2E5231A421FBFD1E9F0
:106D6000052326F4406444EA820242EA8306466030
:106D7000C0F818C049688163C0F820E070BD000009
:106D800070B5026A22F480720262026A4668C369C0
:106D90000C688D6822F4007242EA052E4FF68C7260
:106DA000CFF6FE721A4042EA040C42F60042C4F2E8
:106DB000010290421EBF45F20002C4F2010290425D
:106DC00005D043F20042C4F20102904208D1CA68E1
:106DD000120240F2FF439A432EF4406342EA030E4C
:106DE000A0F18042A2F596324FEAB222092A0ED8CB
:106DF000012303FA02F240F2E5231A421FBFD1E950
:106E0000052326F4405444EA021242EA031646607F
:106E1000C0F81CC04968C163C0F820E070BD000024
:106E200070B5026A22F480520262026A4668C3693F
:106E30000C688D6822F4005242EA053E48F6FF4293
:106E4000CFF6FF621A4042EA042C42F60042C4F236
:106E5000010290421EBF45F20002C4F201029042BC
:106E600005D043F20042C4F20102904208D1CA6840
:106E7000120344F6FF739A432EF4404342EA030E92
:106E8000A0F18042A2F596324FEAB222092A0ED82A
:106E9000012303FA02F240F2E5231A421FBFD1E9AF
:106EA000052326F4404444EA821242EA83164660EF
:106EB000C0F81CC049680164C0F820E070BD000043
:106EC00070B5026A22F480320262026A4668036D7B
:106ED0000C688D6822F4003242EA054C4FF68F723E
:106EE000CFF6FE721A4042EA040EA0F18042A2F5EB
:106EF00096324FEAB222092A0BD8012303FA02F292
:106F000040F2E5231A421EBF4A6926F4803343EA61
:106F100002264660C0F850E049688164C0F820C08D
:106F200070BD000070B5026A22F480120262026A2B
:106F30004668036D0C688D6822F4001242EA055C15
:106F400048F6FF72CFF6FF621A4042EA042EA0F123
:106F50008042A2F596324FEAB222092A0BD80123C9
:106F600003FA02F240F2E5231A421EBF4A6926F4F0
:106F7000802343EA82264660C0F850E04968C16435
:106F8000C0F820C070BD0000D0F820C0036A23F014
:106F900001030362836923F0F00343EA0212826172
:106FA0002CF00A021143016270470000036A23F0CB
:106FB00010030362836923F4704343EA0232036AD5
:106FC000826123F0A00242EA0111016270470000D1
:106FD00040F27870C2F20000FDF7F2BA416EF9B1EA
:106FE00080B501688A688968490F0FF2400C1CF867
:106FF00001300FF2400E1EF80110C900B1FBF3F191
:10700000A0F86A10C2F342611CF801201EF80110BA
:10701000C900B1FBF2F1BDE88040A0F868107047EC
:107020000121A0F86A10A0F8681070470804020453
:1070300008010101010101030701000090F8281077
:10704000C90706D001684A68C36A22F400321A43AD
:107050004A6090F82810890706D501684A68036BD2
:1070600022F480321A434A6090F82810490706D566
:1070700001684A68436B22F480221A434A6090F800
:107080002810090706D501684A68836B22F400427C
:107090001A434A6090F82810C90606D501688A6824
:1070A000C36B22F480521A438A6090F82810890634
:1070B00006D501688A68036C22F400521A438A607C
:1070C00090F82810490611D501684A68436C22F4EB
:1070D00080121A434A60416CB1F5801F06D10168E5
:1070E0004A68836C22F4C0021A434A6090F8281060
:1070F000090658BF704701684A68C06C22F4002234
:1071000040EA020048607047B0B582B004460020F3
:10711000C4F88C00FBF700F805462068006810F002
:10712000080F0CD06FF07E40009020464FF4001105
:1071300000222B4600F0CEFE08B103201AE02068A2
:10714000006810F0040F0CD06FF07E4000902046D5
:107150004FF4800100222B4600F0BCFE08B1032052
:1071600008E02020C4F88400C4F888000020E0660D
:1071700084F88000C0B202B0B0BD0000806A002177
:10718000A0F85E10A0F85610FDF7C0B9B0B5846A3B
:10719000D4F88410D4F8885020688068212908D158
:1071A00010F0800005D00020A4F85600204600F022
:1071B000CDF820688068222D08D110F0400005D05D
:1071C0000020A4F85E00204600F080F8D4F88C007F
:1071D00040F01000C4F88C002046BDE8B040FDF738
:1071E00095B900000168806A096811F0200F31D15B
:1071F0000021A0F85E1000BF016851E8001F02687E
:1072000021F4807142E80013002BF5D1016851E8A8
:10721000021F026821F0010142E80213002BF5D1A0
:10722000016851E8021F026821F0400142E80213A0
:10723000002BF5D12021C0F88810C16E012909D199
:10724000016851E8001F026821F0100142E80013B4
:10725000002BF5D1C16E012918BFFDF73BBDB0F879
:107260005C10FDF70DB80000806AC16E012918BFDF
:10727000FDF774BDB0F85C104FEA5101FDF700B89E
:107280000168806A096811F0200F18BFFDF730BE51
:107290004FF00001A0F85610016851E8021F026883
:1072A00021F0800142E80213002BF5D1016851E87A
:1072B000001F026841F0400142E80013002BF5D1A5
:1072C00070470000806AFDF71DBE0000016851E8AC
:1072D000001F026821F4907142E80013002BF5D1E1
:1072E0004FF6FE7CCEF6FF7C026852E8022F02EADF
:1072F0000C02036843E802210029F5D1C16E01297F
:107300000AD100BF016851E8001F026821F0100196
:1073100042E80013002BF5D12021C0F8881000218D
:10732000C166016770470000016851E8001F0268EC
:1073300021F0400142E80013002BF5D12021C0F8D4
:10734000841000214167FDF7D3BD0000016851E8BA
:10735000001F026821F0C00142E80013002BF5D1A4
:10736000016851E8021F026821F4000142E802139B
:10737000002BF5D12021C0F884107047002926D0B9
:107380006138192888BF7047DFE810F01A0036000E
:107390003D0044004B005200590060006A0071003B
:1073A00076007D0084008B0092009900A000A70069
:1073B000AE00B500C300CA00D700DE00E500EC0057
:1073C00040F6F050C2F2000080ED090AD6E07028C5
:1073D0000AD0732840F0DD8040F6F050C2F2000081
:1073E000012180F8FA12704740F6F050C2F2000016
:1073F000012180F8FB12704740F6F050C2F2000005
:1074000080ED790ABAE040F6F050C2F2000080ED5B
:107410000A0AB3E040F6F050C2F2000080ED150A0F
:10742000ACE040F6F050C2F2000080ED0B0AA5E09F
:1074300040F6F050C2F2000080ED160A9EE040F6E1
:10744000F050C2F2000080ED170A97E0BDEEC00ACE
:1074500010EE100A40F6F051C2F2000108848DE0EF
:1074600040F6F050C2F2000080ED910A86E040F64E
:10747000F050C2F200007FE040F6F050C2F200008F
:1074800080ED920A7AE040F6F050C2F2000080ED02
:10749000930A73E040F6F050C2F2000080ED710AEA
:1074A0006CE040F6F050C2F2000080ED890A65E021
:1074B00040F6F050C2F2000080ED720A5EE040F645
:1074C000F050C2F2000080EDA20A57E040F6F05002
:1074D000C2F2000080ED730A50E040F6F050C2F2B4
:1074E000000080EDA30A49E040F6F050C2F200002F
:1074F00080ED810A42E080B5BDEEC00A10EE101AA0
:1075000040F6F050C2F2000002F0CAFFBDE8804031
:1075100034E040F6F050C2F2000080ED820A2DE027
:1075200040F6F050C2F2000080ED720A80ED820A4F
:1075300080ED920A80EDA20A20E040F6F050C2F2FF
:10754000000080ED830A19E040F6F050C2F200001E
:1075500080ED990A12E040F6F050C2F2000080ED92
:10756000A90A0BE040F6F050C2F2000080ED710A6B
:1075700080ED810A80ED910A80EDA10A40F6F0507D
:10758000C2F20000012180F8EA1281688C31C0F853
:10759000EC127047B0F86020D0F888300168222BD8
:1075A00045D1496A1140826D22F8021B8265B0F80C
:1075B0005E100139A0F85E10B0F85E10002918BF07
:1075C000704700BF016851E8001F026821F4907104
:1075D00042E80013002BF5D1016851E8021F026850
:1075E00021F0010142E80213002BF5D12021C0F85F
:1075F000881000210167C26E012A18BFFDF76ABB1F
:10760000C16600BF016851E8001F026821F0100147
:1076100042E80013002BF5D10168CA6912F0100F7F
:107620001CBF10220A62B0F85C10FCF729BE886902
:1076300040F00800886170472DE9F04F81B00446A2
:10764000B4F860902168CA6908688968D4F88830FD
:10765000222B40F0C080B4F86860002E18BF12F0F2
:10766000200200F0938001F0010700F480784FF6CB
:10767000FE75CEF6FF754FF0000B00BF2068406A24
:1076800000EA0900A16D21F8020BA165B4F85E00C3
:107690000138A4F85E002068D0F81CA01AF0070F8B
:1076A00032D0B8F1000F0BD01AF001011FBF012139
:1076B0000162D4F88C0040F0010018BFC4F88C00BF
:1076C000002F18BF1AF0020008D0206802210162C2
:1076D000D4F88C0040F00400C4F88C00002F18BFD0
:1076E0001AF0040008D0206804210162D4F88C004C
:1076F00040F00200C4F88C00D4F88C0020B1204681
:10770000FCF704FFC4F88CB0B4F85E00C0BB00BF47
:10771000206850E8000F216820F4807041E80002E2
:10772000002AF5D1206850E8020F2840216841E87E
:107730000202002AF6D12020C4F88800C4F870B0F4
:10774000E06E012819D1C4F86CB000BF206850E881
:10775000000F216820F0100041E80002002AF5D156
:107760002068C16911F0100F1CBF10210162B4F82C
:107770005C102046FCF784FD02E02046FDF7AAFAE3
:10778000002E18BF1AF020007FF478AFB4F85E0026
:10779000F0B1B4F8681088421AD200BF206850E8EF
:1077A000020F216820F0805041E80202002AF5D142
:1077B00047F29550C0F60000206700BF206850E8EF
:1077C000000F216840F0200041E80002002AF5D1B6
:1077D00001B0BDE8F08F2068816941F00801816146
:1077E00001B0BDE8F08F0000B0F86020D0F888301C
:1077F0000168222B45D1496A1140826D1170816D5B
:1078000001318165B0F85E100139A0F85E10B0F862
:107810005E10002918BF7047016851E8001F026818
:1078200021F4907142E80013002BF5D1016851E872
:10783000021F026821F0010142E80213002BF5D17A
:107840002021C0F8881000210167C26E012A18BFEC
:10785000FDF740BAC16600BF016851E8001F026829
:1078600021F0100142E80013002BF5D10168CA692C
:1078700012F0100F1CBF10220A62B0F85C10FCF767
:10788000FFBC886940F00800886170472DE9F04F1F
:1078900081B00446B4F860902168CA6908688968B4
:1078A000D4F88830222B40F0C080B4F86860002EF5
:1078B00018BF12F0200200F0938001F0010700F4DD
:1078C00080784FF6FE75CEF6FF754FF0000B00BFC7
:1078D0002068406A00EA0900A16D0870A06D0130BF
:1078E000A065B4F85E000138A4F85E002068D0F806
:1078F0001CA01AF0070F32D0B8F1000F0BD01AF00D
:1079000001011FBF01210162D4F88C0040F0010089
:1079100018BFC4F88C00002F18BF1AF0020008D05E
:10792000206802210162D4F88C0040F00400C4F801
:107930008C00002F18BF1AF0040008D02068042122
:107940000162D4F88C0040F00200C4F88C00D4F836
:107950008C0020B12046FCF7D9FDC4F88CB0B4F8F7
:107960005E00B8BB206850E8000F216820F48070EA
:1079700041E80002002AF5D1206850E8020F2840B3
:10798000216841E80202002AF6D12020C4F88800CC
:10799000C4F870B0E06E012819D1C4F86CB000BF13
:1079A000206850E8000F216820F0100041E8000234
:1079B000002AF5D12068C16911F0100F1CBF1021F9
:1079C0000162B4F85C102046FCF75AFC02E0204645
:1079D000FDF780F9002E18BF1AF020007FF478AF71
:1079E000B4F85E00F0B1B4F8681088421AD200BF53
:1079F000206850E8020F216820F0805041E8020220
:107A0000002AF5D147F2E970C0F60000206700BFF8
:107A1000206850E8000F216840F0200041E8000293
:107A2000002AF5D101B0BDE8F08F2068816941F0EE
:107A30000801816101B0BDE8F08F000070B5044617
:107A40002068A168D4E9042311431943E269114372
:107A5000026846F6F313CCF6FF731A401143016037
:107A600020684168E26821F4405111434160206878
:107A7000A36941F2880CC4F2020C40F20212C0F277
:107A8000020248F2000EC4F2000E70451CBF256AC7
:107A90002B4385684FF2FF41C1F2FF1101EA050156
:107AA00041EA030181602068C16A636A21F00F0125
:107AB00041EA0301C16223684FF0100542F2004021
:107AC000C0F2F40044F6FF71C4F200018B4215DCF1
:107AD00044F20041C4F200018B4222D044F600017E
:107AE000C4F200018B4220D044F60041C4F20001F0
:107AF0008B4230D1DCF800108B0921E045F2000107
:107B0000C4F200018B4214D0734516D043F6000135
:107B1000C4F201018B421ED102F58062DCF8003014
:107B20000EE0DCF800108B080AE0DCF800100B090E
:107B300006E0DCF800100B0A02E0DCF800108B0A0B
:107B40006FF31F5283F0020101F0030141EA81014A
:107B500022FA01F52368734516D0E16905F01F028A
:107B6000B1F5004F21D10121082A00F2B680DFE8EB
:107B700002F005636EB467B4B4B46C00FBF7B0F800
:107B8000002840F064805EE005F01F020121082A11
:107B900000F2A380DFE802F005A120A119A1A1A1B4
:107BA0001E00FBF79DF8B8B912E00121082A00F287
:107BB0009480DFE802F0056D7892719292927600DF
:107BC000FBF78EF800286ED169E0FBF7B1F818B921
:107BD000002182E04FF400406668616A4BF2103287
:107BE000C0F6000232F81120B0FBF2F306EB4605B6
:107BF0000121AB4271D33503AB426ED80021002383
:107C0000F8F706FB090241EA1061000210EB56008A
:107C100041F1000132460023F8F7FAFAA0F540716D
:107C20004FF6FF42C0F20F02914203D82168C860AC
:107C3000002152E0012150E0FBF766F838B902E07C
:107C4000FBF776F818B9002147E04FF4004061686F
:107C5000626A4BF21033C0F6000333F81220B0FB17
:107C6000F2F04A0802EB4000B0FBF1F0A0F1100185
:107C70004FF6EF72914209D84FF6F0710140C0F310
:107C8000420008432168C860002126E0012124E069
:107C9000FBF73AF838B902E0FBF74AF818B90021C7
:107CA0001BE04FF400406168626A4BF21033C0F68B
:107CB000000333F81220B0FBF2F000EB5100B0FBF0
:107CC000F1F0A0F110014FF6EF72914204D8216853
:107CD00080B2C860002100E001210120A4F86A0000
:107CE000A4F868000020C4E91C00084670BD00002C
:107CF000B0B513460446A165A4F85C300025C4F86D
:107D00008C502220C4F88800E06F08B347F2E511D8
:107D1000C0F6000147F26922C0F6000247F28D1C4E
:107D2000C0F6000C00F12C0E8EE806108563216869
:107D3000A26D2431FAF7A0F850B11020C4F88C00DD
:107D4000002084F880002020C4F888000120B0BD05
:107D500084F88050206948B1206850E8000F2168FD
:107D600040F4807041E80002002AF5D1206850E814
:107D7000020F216840F0010041E80202002AF5D11B
:107D8000206850E8020F216840F0400041E80202FC
:107D9000002AF5D10020B0BD8165A0F85C20A0F8D4
:107DA0005E2000210167816871B1B1F1805F13D05D
:107DB000B1F5805F18D10169FF23002908BF40F2A7
:107DC000FF13A0F8603012E001697F23002908BF8B
:107DD000FF23A0F860300AE001693F23002908BFB3
:107DE0007F23A0F8603002E00021A0F8601000219D
:107DF000C0F88C102221C0F8881000BF016851E83B
:107E0000021FD0F800C041F001014CE80213002B22
:107E1000F4D18168436EB3F1005F03D1B0F86830EC
:107E200093420AD9B1F5805F04BF016900290FD0E0
:107E300047F2E971C0F600010EE0B1F5805F04BFC2
:107E40000169002925D047F68D01C0F6000124E024
:107E500047F29551C0F600010167002180F88010BB
:107E6000016959B1016851E8001F026841F490713D
:107E700042E80013002BF5D12AE000BF016851E869
:107E8000001F026841F0200142E80013002BF5D1E9
:107E90001EE047F23961C0F600010167002180F859
:107EA0008010016951B100BF016851E8001F0268EC
:107EB00041F4807142E80013002BF5D1016851E8CC
:107EC000021F026841F0805142E80213002BF5D1F5
:107ED000002070472DE9F04381B0984616460F46C2
:107EE00004462068C0693840C01BB0FA80F04009E1
:107EF000B0423BD1DDF8209009F101058DB1FAF7D0
:107F00000BF9B9F1000F17D0A0EB0800484513D8C2
:107F10002068016811F0040F1CBFC16911F4006FE3
:107F200026D12068C0693840C01BB0FA80F04009F3
:107F3000B042E3D0002040E0206850E8000F216804
:107F400020F4D07041E80002002AF5D1206850E802
:107F5000020F216820F0010041E80202002AF5D159
:107F60002020C4F8840004F1880020E0002024E0F0
:107F70004FF40061016200BF206850E8000F2168E3
:107F800020F4D07041E80002002AF5D1206850E8C2
:107F9000020F216820F0010041E80202002AF5D119
:107FA0002020C4F88400C4F8880004F18C0020214B
:107FB0000160002084F880000320C0B201B0BDE859
:107FC000F08300002DE9F04381B014468846064650
:107FD000002C02BF002001B0BDE8F0834FF0000587
:107FE0004FF0200908EB05073046394601221423DB
:107FF000FCF7B6FE58B13046FCF73CFAC6F8849060
:108000003046394601221423FCF7AAFE18B901357F
:10801000A542E7D3002001B0BDE8F08382B0F0B5FF
:1080200093B00D460446CDE918234FF0FF4002906F
:1080300018A80190102D28BF10259DB1002603AF70
:108040000198073020F0070000F10801019190ED40
:10805000000B51EC100BF8F7F6FA47F8040B013659
:10806000AE42EDD3A80082B203A92046FFF7AAFFD3
:1080700002A920460422FFF7A5FF13B0BDE8F04097
:1080800002B0704740F2C850C2F20000FCF798BA44
:1080900040F25860C2F20000FCF792BAFEE700001E
:1080A0000028B8BF704700F01F014FF0010202FA2C
:1080B00001F14FEA50104EF20012CEF2000242F8E7
:1080C000201070474EF60C50CEF200000068C0F34E
:1080D0000220704700F1604C00F00F034EF614527E
:1080E000CEF200021A44B0F1FF3FC8BF0CF5644263
:1080F00008011070704700004EF60C51CEF20001DE
:108100000A684FF6FF031A4060F30A2242F08060CB
:1081100040F0FD7008607047002804BF9FED340AEE
:10812000704780ED040A90ED011A9FED322AB0EEFF
:10813000C11AB4EEC21AF1EE10FA2DDD90ED032A49
:1081400090ED061A90ED093AB7EE004AB0EEC05A2B
:10815000B0EE446A05EE036A22EE000A84EE062AB7
:1081600000EE021A80ED061A90ED082A00F11801BF
:10817000B1EE420AB4EEC01AF1EE10FA09DBB4EE29
:10818000C21AF1EE10FA0A46C8BF00F1200292EDC1
:10819000000A81ED000A01E00021816190ED041ADE
:1081A00090F8281021B10021C16180F8281009E061
:1081B00090ED030A90ED052A31EE422A82EE000A84
:1081C00080ED070A80ED051A90ED002A90ED010A76
:1081D00090ED023A90ED064A90ED075A20EE040A1F
:1081E00001EE020A03EE050A80ED0B0A704700BF9C
:1081F00000000000BD3786352DE9F04F87B082467C
:108200009AF81000002800F08980012840F083804F
:108210004FF0000840F26005C2F200054FF001097E
:1082200040F6F054C2F20004002600BFF0B201F0A4
:1082300021FFCDF81480059880084A2807D800BF90
:108240000598013005900598B0F5967FF8D328463B
:10825000F9F7E4FB28460121F9F732FB0AEB460760
:108260002846F9F783F978842846F9F77DFC84F8E5
:10827000EA92A06800F5AF70C4F8EC020136082E4F
:10828000D4D14FF0000B84F8CEB2012084F8D10293
:1082900084F8D4B28AF810B09FED430B51EC100B68
:1082A000CDE902109FED420B51EC100BCDE900100F
:1082B0000AEB0B04678C608AC01BF8F774F906465A
:1082C0000491DDE90232F8F78DF8814655468A4679
:1082D0003846F8F779F90746884648465146AA468F
:1082E0003A464346F7F7D7FFF8F77BF98146304621
:1082F0000499DDE90032F8F775F83A464346F7F796
:10830000CAFFA4F84490F8F76CF9A0860BF1020BB1
:10831000BBF1100FCCD107B0BDE8F08F4FF00008D3
:1083200040F26005C2F200054FF0010940F6F0543A
:10833000C2F20004002600BFF0B201F09BFECDF8AF
:108340001880069880084A2807D800BF0698013090
:1083500006900698B0F5967FF8D32846F9F75EFBAD
:1083600028460121F9F7ACFA0AEB46072846F9F747
:10837000FDF878822846F9F7F7FB84F8EA92A068BE
:1083800000F5AF70C4F8EC020136082ED4D10020FD
:1083900084F8CE0284F8D102012084F8D4028AF84D
:1083A000100007B0BDE8F08F1F85EB51B81ED53F18
:1083B0001F85EB51B81EE53F0178012918BF7047B2
:1083C00041788078002918BF0121002818BF0120BA
:1083D000484080F0010240F60000C4F6000002218F
:1083E000F9F792BEB0B50546287840F60004C4F609
:1083F0000004012810D16878A978002818BF01204E
:10840000002918BF0121484080F0010220464FF4A6
:108410000051F9F779FE287802280ED16878A978FA
:10842000002818BF0120002918BF0121484080F012
:10843000010220460121F9F767FE2878032818BFBA
:10844000B0BD6878A978002818BF0120002918BF9E
:108450000121484080F0010220460421BDE8B040DF
:10846000F9F752BEB0B50446E17840F20040C4F6D8
:108470000000022905D0012908D100F5006004217F
:1084800001E04FF40061F9F739FE60706078A1787F
:108490004840C0B2012801D17D2004E0B4F90400B5
:1084A000012822DB0138A08021786078884208BF4B
:1084B000B0BDA17801290ED101280DD1012520469A
:1084C000012101F031FE0020A071B4F9040001285F
:1084D0001EDB013807E0A0B1A07918B920460021C1
:1084E00001F022FE7D20A08017E00028DCD120468C
:1084F000022101F019FE4FF6FF70A0800120A0714B
:10850000D2E72046012101F00FFE0020A07104E017
:108510002046022101F008FEA57160782070B0BDF0
:1085200010B5044600F0DAFB204600F069FB204657
:1085300000F08CFB94F8321004F15800BDE81040B4
:1085400000F0FABB2DE9F04F81B02DED088B9EB005
:108550000646B6F9200005213174002186F8FC1288
:1085600000EE100AB8EEC00A86ED6F0A86ED7F0AAB
:1085700086ED8F0A86ED9F0A40F24400C2F20000A9
:108580000268D6E902138A1A63F10003503A73F1C4
:108590000002C0F0AF800160B6F9B641B6F9B8018B
:1085A00000EE100AB8EEC00A10EE100AF8F738F81C
:1085B000CDE91C10D6F8BC01F8F732F881468A469E
:1085C000B6F9380200EE100AB8EEC00A01EE104A01
:1085D00010EE100AB8EEC18AF8F722F8CDE91A10A9
:1085E000D6F83C02F8F71CF804460D46B6F93602F8
:1085F00000EE100AB8EEC00A10EE100AF8F710F8F4
:10860000CDE91810B6F9780200EE100AB8EEC00AEB
:1086100010EE100AF8F704F817908846D6F87C0296
:10862000F7F7FEFF45EC194B18EE102A41EC180B3A
:108630004AEC1A9B1046F7F7F3FF81468A46B6F9D3
:10864000F80100EE100AB8EEC00A10EE100AF7F7B3
:10865000E7FF04460D46D6F8FC01F7F7E1FFB6F94F
:10866000F62100EE102AB8EEC00A10EE102A41ECF6
:108670001B0B1046F7F7D4FF07468B46B6F9760278
:1086800000EE100AB8EEC00A10EE100AF7F7C8FFA5
:1086900041EC100B179848EC110BDDE9181041EC78
:1086A000120BDDE91A1041EC130B4BEC147B45EC7B
:1086B000154B4AEC169B8DED128B8DED0C9B8DEDC1
:1086C00006BB8DED00AB8DED140B8DED101B8DED0C
:1086D0000E2B8DED0A3B8DED084B8DED045B8DED82
:1086E000026B40F2C850C2F200000C21DDE91C32DE
:1086F000FFF794FC1EB0BDEC088B01B0BDE8F08F15
:1087000040F2480CC2F2000CDCF80030D0E9022143
:10871000D31A61F10001503B71F1000138BF70477D
:1087200080B5CCF80020D0F8A001F7F779FF024619
:108730000B4640F2C850C2F200004FF00101BDE804
:108740008040FFF76BBC00002DE9F04184B040F29F
:108750004C01C2F200010A78002A01BF08220284FB
:1087600001220A704FF0020101744FF0000180F8FD
:10877000FC1240F25001C2F200010B68D0E902275E
:10878000D31A67F10007643B77F1000321D30A6035
:10879000446B056DD0F8A001F7F742FF80460F4605
:1087A0002046F7F73DFF04460E462846F7F738FF08
:1087B00041EC100B46EC114B8DED001B8DED020BC7
:1087C00040F2C850C2F20000032142463B46FFF788
:1087D00025FC04B0BDE8F08102210174032101846D
:1087E0007047000070B582B040F25401C2F200013F
:1087F0000B68D0E90226D31A66F10006C83B76F171
:10880000000316D30A60D0E94D40F7F709FF05468B
:108810000E462046F7F704FF41EC100B8DED000BE0
:1088200040F2C850C2F2000002212A463346FFF748
:10883000F5FB02B070BD000010B5044600F084F9ED
:10884000002808BF10BD04F1E8004FF0350100F02A
:1088500021FB10EE100AF7F7E3FE02460B4640F24A
:10886000C850C2F200004FF00101BDE81040FFF710
:10887000D5BB000070B584B00446012084F8F60230
:1088800000252574258494EDC10AB5EE400AF1EE69
:1088900010FA20D140F25806C2F20006357040F2BC
:1088A0005A00C2F2000005804FF07E50C4F8040365
:1088B000012001210022F8F7ADFB0120F8F7EEFBC3
:1088C00031784FF4C850CDE90005029501201422FB
:1088D0000023F8F7B7FB94F9001040F25A00C2F2F7
:1088E00000000288114401804FF6F872114041F2F5
:1088F0008832914214D30021018040F25800C2F224
:108900000000027882F0010202704FF4C850CDE9F5
:1089100000010291D1B2012014220023F8F792FB4A
:1089200004B070BDB0B52DED028B0446207840F642
:10893000F055C2F2000595F8FC1281B1002161806A
:108940000138032800F2D780DFE800F0022D343B25
:1089500040F27C50C2F2000000680021A0E001F06B
:10896000C1FF94ED020AB5EEC00AF1EE10FA0CDD7B
:108970006BA101EB80016EA202EB800090ED001A6A
:1089800091ED008A00EE018A27E024DA5CA101EB78
:1089900080015FA202EB800090ED001A91ED008A49
:1089A00010EE018A19E040F27C50C2F2000000682B
:1089B000002183E040F27C50C2F2000000680021F8
:1089C0008AE040F27C50C2F200000068002101649D
:1089D000BDEC028BB0BD9FED498AB4F9040094ED63
:1089E000020A01EE100AB8EEC11A04F1100030EECE
:1089F000410AFFF791FB9FED521A38EE000AB4EEE0
:108A0000C10AF1EE10FA02DA4DF6CD600CE09FEDEE
:108A10004D1AB4EEC10AF1EE10FADABFBDEEC00A8B
:108A200010EE100A42F233106080B4F9040094EDA5
:108A3000020A002848BF4042B5EE400AF1EE10FAA3
:108A400003D10128DCBF00216180032812DC287CCF
:108A500001280FD0B4F90200B0F57A6FA8BF4FF427
:108A60007A604FF26001CFF6FF7110F57A6FC8BFE0
:108A7000014661802046002101F0A2FB20780138E8
:108A8000032838D8DFE800F002101E2C40F27C509A
:108A9000C2F200000068B4F90210002948BF494240
:108AA0004163BDEC028BB0BD40F27C50C2F20000CD
:108AB0000068B4F90210002948BF49428163BDEC47
:108AC000028BB0BD40F27C50C2F200000068B4F9E5
:108AD0000210002948BF4942C163BDEC028BB0BD02
:108AE00040F27C50C2F200000068B4F90210002984
:108AF00048BF49420164BDEC028BB0BD00000000DC
:108B00005278AD435C6FAC43C3D5AE43299CB543AB
:108B100064BB784331087B437F0A774387367843C9
:108B2000523831439A99CE421F053E4352F80C43C6
:108B3000BA99864339A48843912D8443DDD4884370
:108B400000CC04C600CC044641F24C11C2F2000134
:108B50000A68D0E90203821A63F10003643A73F1F0
:108B6000000232BF002008600120704710B50446A3
:108B700094ED680A04F12400FFF7CEFAB4F920005E
:108B800001EE100AB8EEC11A31EE402A30EE011A99
:108B900084ED6F2A84ED7F1AB4F9200001EE100AEB
:108BA000B8EEC11A31EE402A30EE010A84ED8F2A68
:108BB00084ED9F0A10BD000010B584B00024012090
:108BC00001210022F8F726FA0120F8F767FA32208F
:108BD000F9F79EF940F6D520CDE900040294012072
:108BE000002132220023F8F72DFA40F2E860C2F2A9
:108BF000000000BFD0F884102029FBD104B010BDC4
:108C000010B500F1320E00224FF0010C04E000BF5D
:108C10000132082A08BF10BD30F8123000EB4201C3
:108C20008C8EA34206D90CFA02F19EF800308B43D9
:108C300009E000BFB1F844108B42E9D20CFA02F10E
:108C40009EF800300B438EF80030E1E7F0B581B0BC
:108C50002DED028B88B004460026CDE90666CDE9ED
:108C60000466CDE90266CDE9006604F134079FEDA4
:108C7000198A6D4637F8342C388882420AD237F880
:108C8000121C37F8220C01F0B5F8A81938EE400A8A
:108C900080ED000A02370436202EEBD1284601F081
:108CA000BDF800209FED0C0A40F20C01C2F2000159
:108CB0002A180B1893ED001A92ED002A043002EEE8
:108CC000010A2028F4D184ED150A08B0BDEC028B0E
:108CD00001B0F0BD0000C84200000000F0B581B056
:108CE0000446002640F26005C2F20005002713E0AA
:108CF0002846F8F793FE28460121F8F7E1FD2846BB
:108D0000F8F734FC24F817002846F8F72DFF013750
:108D1000082F04BF01B0F0BDF8B201F0ABF9009626
:108D2000009880084A28E3D8009801300090009805
:108D3000B0F5967FF8D3DBE710B50446217001F05B
:108D400081002279022A12D138B1A07828B960793D
:108D5000A0702078617808436070A078022813D34F
:108D600021786278114361700138A0701CE011F025
:108D70003C0F19D0002818BF10BD20464FF002014B
:108D8000BDE8104001F09CB901280DD1204601F04A
:108D900055F907281FD8DFE800F004080B0E11145E
:108DA000171A2046002114E010BD2046012110E0D2
:108DB000204602210DE0204603210AE0204604213E
:108DC00007E02046052104E02046062101E0204678
:108DD000072101F075F90020A4F8010010BD000082
:108DE00001784B1E032B0BD840F2240CC4F2000C6C
:108DF0000CF59631DFE803F00B020609614606E048
:108E000000210EE00CF5806101E00CF500610A68BC
:108E100047F230530B600021C8F6D02101EB02412C
:108E2000091490F90C0011FB00F000B2704700002B
:108E3000F0B581B00C460546F9F76EF900F164060D
:108E400040F2E867C2F20007D7F88400202809D072
:108E5000F9F762F9B042F7D340F2E860C2F20000DD
:108E6000FBF708FB40F2E860C2F200002946224608
:108E7000FBF7E6FF58B140F2E866C2F20006304662
:108E8000FBF7F8FA304629462246FBF7D9FF01B036
:108E9000F0BD0000427E8A1A5200D2B2835C42F0DA
:108EA0000102805C43EA002000B200EE100AB8EE36
:108EB000C01AA1F134000B2827D8012181404A07AC
:108EC0000ED111F0380F18D1012101FA00F010F481
:108ED000606F08BF70479FED0D0A9FED0D2A07E0F8
:108EE0009FED0D0A9FED0A2AB3EE003A21EE031A18
:108EF00021EE000A20EE020A70479FED060A9FED60
:108F0000042A21EE000A20EE020A704700003443D2
:108F1000000000380000FA44CDCC1C41B0B58CB044
:108F2000044643F2A0402083002565612561E56089
:108F3000A560656025609FED210A9FED212ADFED88
:108F4000210A6846B0EE601AF0EE401AF0EE602A90
:108F500000F03AF9DDE900CEDDE90223DDE90401A4
:108F6000C4E90B01C4E90923C4E907CEDDE906CE53
:108F7000DDE90823DDE90A01C4E90F23C4E9110191
:108F8000C4E90DCE40F25E00C2F20000057040F26E
:108F90005D00C2F20000057040F61000C2F2000051
:108FA000057040F60800C2F20000056040F60C00B3
:108FB000C2F2000005600CB0B0BD00BF0000484226
:108FC0000000FA4300000000B0B582B040F25D043A
:108FD000C2F200042278002A1EBF022002B0B0BDF7
:108FE0004A7E4FF01803CDE900134FF001054FF012
:108FF000A0014FF00103F9F7C9F908B102B0B0BD03
:1090000040F25E01C2F2000100200870257002B03B
:10901000B0BD000042700022827001704260704753
:10902000427000228270017070470000C17082702F
:10903000B2FA82F14909017041707D2181800021DD
:109040008171704710B540F6F054C2F2000404F28A
:10905000D62001210022FFF7E9FF04F2DE200221E1
:109060000022FFF7E3FF04F5337001210122FFF72F
:10907000D7FF04F2CF2002210122FFF7D1FF04F233
:10908000D22003210122FFF7CBFF04F53A70012122
:109090000122BDE81040FFF7BDBF0000B0B5044697
:1090A00004F15805284600F0A5F8284600F09CF881
:1090B0000020E060A06060602060002104EB4102BD
:1090C0005082508401310829F8D14FF02E104FF012
:1090D0002F114FF018121823C0F219034FF0191571
:1090E00040F2190CC0F2180CC4E90D01C4E90F10CC
:1090F00004F1440080E82C10002000BF21188A8E63
:10910000B1F84430C3EB42054D82C2EB43024A84BE
:1091100002301028F2D10020207484F832006065FB
:109120000020BDE8B04000F0A5BF000010B500F081
:1091300065FC40F6CE00C2F200000021018040F242
:109140007874C2F2000440F64D01C2F200012046DC
:109150008022FBF765F8E06F0068016821F00401E8
:10916000016010BD10B59FED160A40F6F054C2F232
:10917000000404F52D70012100F052F89FED110A52
:1091800004F53070022100F04BF804F5DA7001218B
:109190004FF0FF3200F0C0F904F5FA70022101220D
:1091A00000F0BAF904F50D700321012200F0B4F9C2
:1091B00004F51D7004210122BDE8104000F0ACB997
:1091C000000034430000874380EC040A0021C0E91A
:1091D0000411C0E9061180ED082AC0ED092A012218
:1091E00080F82820C16270470021C0F80A10C0F83A
:1091F00006107047022101710021016004214171B4
:109200007047000010B5044604F1E800FFF786FE41
:1092100004F5A670BDE81040FFF740BF0000000055
:1092200070B52DED028BB0EE408A0E46054640F239
:10923000B434C2F2000420460021FAF707FF2046AA
:109240000421FAF703FFB6EE000A2E7028EE000A9A
:1092500085ED010A85ED028A022E22D0012E3ED133
:1092600095ED021A80EE010A10EE100AF7F7D8F910
:109270009FED1D0B53EC102BF7F7B4F89FED1C0B73
:1092800053EC102BF7F707F89FED1B0B53EC102B4B
:10929000F7F7A8F8F7F7A5F921688863BDEC028B0A
:1092A00070BD95ED021A80EE010A10EE100AF7F774
:1092B000B7F99FED0D0B53EC102BF7F793F89FEDDB
:1092C0000C0B53EC102BF6F7E6FF9FED0B0B53EC5A
:1092D000102BF7F787F8F7F784F921684863BDEC9E
:1092E000028B70BD00BF00BF9A9999999999B93FB7
:1092F0009A9999999999993F00000000006AE8406D
:1093000001700021C0E902110022C4F2B422C0E9B8
:10931000061280F8221001840174704710B50446CB
:10932000FFF7EEFF204600F00DF82046FFF76AFF3A
:10933000FFF718FFFFF786FE04F53C70BDE810400C
:1093400000F0C0B810B52DED088BB0B004469FED0D
:1093500056BA9FED561A9FED568A24A8B1EE049A8C
:10936000B7EE00AAB0EE4B0AF0EE480AF0EE491A4A
:10937000B0EE4A2AF0EE482AFFF726FFDDE924CEB8
:10938000DDE92623DDE92801C4E90D01C4E90B2349
:10939000C4E909CEDDE92ACEDDE92C23DDE92E0181
:1093A000C4E91123C4E91301C4E90FCE9FED410ABA
:1093B00018A8F0EE4B0AB0EE481AF0EE491AB0EEDB
:1093C0004A2AF0EE482AFFF7FFFEDDE918CEDDE974
:1093D0001A23DDE91C01C4E91901C4E91723C4E912
:1093E00015CEDDE91ECEDDE92023DDE92201C4E949
:1093F0001D23C4E91F01C4E91BCE9FED2F0A9FED79
:109400002F1A0CA8F0EE480AF0EE491AB0EE4A2ADC
:10941000F0EE482AFFF7D8FEDDE90CCEDDE90E2399
:10942000DDE91001C4E92501C4E92323C4E921CE03
:10943000DDE912CEDDE91423DDE91601C4E92923B3
:10944000C4E92B01C4E927CE9FED1D0AB1EE081A2D
:109450006846F0EE480AF0EE491AB0EE4A2AF0EEFD
:10946000482AFFF7B1FEDDE900CEDDE90223DDE9A0
:109470000401C4E93101C4E92F23C4E92DCEDDE99B
:1094800006CEDDE90823DDE90A01C4E93701C4E9B4
:109490003523C4E933CE0020C4F2C810C4F8E40078
:1094A00030B0BDEC088B10BDCDCCCC3E9A99993E26
:1094B000000000009A99993FCDCCCC3D0000344388
:1094C0003480B739012101700022C272A0F809204E
:1094D000C0F80520C0F801200173C0E904227047DC
:1094E00010B540F6F050C2F2000000F59A74204624
:1094F00001F032F82046BDE8104001F08BB80000C2
:1095000040F2C850C2F2000041F25011C2F2000114
:109510000122FBF7A7BB000010B5BCB004462170C8
:1095200000206080A080A0602273481E032825D8F8
:10953000DFE800F00246688A9FED830A9FED831AF8
:109540009FED832A30A8F1EE041AF6EE000AF0EE41
:10955000602AFFF739FEDDE930CEDDE93223DDE9AF
:109560003401C4E90801C4E90623C4E904CEDDE9F5
:1095700036CEDDE93823DDE93A0186E09FED720A57
:109580009FED721A9FED722A6846F1EE041AF6EE0C
:10959000000AF0EE602AFFF717FEDDE900CEDDE9F4
:1095A0000223DDE90401C4E90801C4E90623C4E992
:1095B00004CEDDE906CEDDE90823DDE90A0164E039
:1095C0009FED610A9FED611A9FED612A24A8F1EEDB
:1095D000041AF6EE000AF0EE602AFFF7F5FDDDE969
:1095E00024CEDDE92623DDE92801C4E90801C4E928
:1095F0000623C4E904CEDDE92ACEDDE92C23DDE92A
:109600002E0142E09FED500A9FED501A9FED502A27
:1096100018A8F1EE041AF6EE000AF0EE602AFFF741
:10962000D3FDDDE918CEDDE91A23DDE91C01C4E92B
:109630000801C4E90623C4E904CEDDE91ECEDDE954
:109640002023DDE9220120E09FED3F0A9FED3F1A34
:109650009FED3F2A0CA8F1EE041AF6EE000AF0EE98
:10966000602AFFF7B1FDDDE90CCEDDE90E23DDE96F
:109670001001C4E90801C4E90623C4E904CEDDE908
:1096800012CEDDE91423DDE9160122636363A063D2
:10969000E163C4F82CE0C4F828C02078411E0329F7
:1096A0001DD8DFE801F002080E1440F27C50C2F22F
:1096B0000000002110E040F27C50C2F200000421C2
:1096C0000AE040F27C50C2F20000082104E040F2BF
:1096D0007C50C2F200000C21FAF7B8FC2078013867
:1096E00003282ED82424C4F20004DFE800F0020C82
:1096F000141E40F26830C2F200003C21FAF722FA50
:1097000004F596341AE040F20040C2F200003C2119
:10971000FAF718FA12E040F24C40C2F200003C2185
:10972000FAF710FA04F5806408E040F29840C2F2BB
:1097300000003C21FAF706FA04F5006447F23050C5
:1097400020603CB010BD00BF0000F04200000000EF
:109750000000C84210B5044694ED050A94ED061ABF
:1097600094ED072A9FED203A32EE000A30EE410ACE
:10977000B4EEC30AF1EE10FA04DD9FED1E1A30EECE
:10978000010A0AE09FED191AB4EEC10AF1EE10FACF
:10979000BCBF9FED171A30EE010A04F15400FEF72A
:1097A000BBFC94ED391AB4F92000B4EEC10AF1EE15
:1097B00010FAB0EE402AC8BFB0EE412AB1EE411A0D
:1097C00003EE100AB8EEC33AB4EEC10AF1EE10FA95
:1097D000B8BFB0EE412A32EE030A33EE421A84EDEE
:1097E0006F0A84ED7F1A10BD00003443000034C3BB
:1097F0000000B4430000B4C3B0B52DED028B0446A5
:1098000004F1E80528463D21FFF744FBB0EE408A0D
:1098100028463721FFF73EFB94ED211A94ED232AC9
:1098200020EE020A08EE410ABDEEC00A10EE100A50
:109830002084B8EEC00A84ED6F0A84ED7F0ABDEC87
:10984000028BB0BD2DE9F041F8F700FFFDF7F0F80D
:10985000FCF7D4FBFCF78EFBFCF7E2FAFCF786FD85
:10986000FCF7BEFDFCF7F2FDFCF728FEFCF7CAFE94
:10987000FCF7E4FCFCF764FFFCF7A6FFFCF7E8FF4D
:10988000FDF72AF8FCF752FEFCF792FEFCF774FC99
:10989000FCF7ACFCFCF724FB40F6F058C2F20008E1
:1098A00040460521FFF73AFD08F1E80140F2B820F3
:1098B000C2F20000FFF788FB002088F81000FFF7D5
:1098C0001FFEFFF70DFEFFF731FC40F25C00C2F215
:1098D000000001240470FFF76FF988F8EA424FF4A2
:1098E000C870C8F8EC0240F2E440C2F20000F9F798
:1098F0000DFF08F59A7540F61807C2F2000740F60A
:109900001404C2F2000408F5A67604E0481D2060A5
:109910003046FEF705FE284600F0F0FDD8E90201CA
:109920003A68821A71F1000105D300F097F8D8F86F
:1099300008000830386000F0CFFCF8F7EDFB216834
:109940008842E8D3E2E7000080B582B00346002BEE
:1099500018BF0123684607A2082100F0CDFF411E71
:10996000062904D8C2B26946442000F0E1F802B0EA
:1099700080BD00BF434425752300000080B582B040
:109980000346684606A2082100F0B6FF411E0629DC
:1099900004D8C2B269464D2000F0CAF802B080BDBA
:1099A000434D25752300000080B582B00346002B8F
:1099B00018BF0123684607A2082100F09DFF411E41
:1099C000062904D8C2B26946542000F0B1F802B0AA
:1099D00080BD00BF435425752300000040F61C02E3
:1099E000C2F200021378012B04BF5378834204D1E2
:1099F0000320002918BF02201070704740F6D000E5
:109A0000C2F200000021A0F88010A0F8821080F8B7
:109A1000841040F63400C2F2000001706FF00902B9
:109A2000C0E90111C0E90321017540F61C00C2F232
:109A30000000017041708174C174017540F6981086
:109A4000C2F20000017040F6AA50C2F2000001709C
:109A500040F69710C2F2000001707047B0B582B0B6
:109A600004460DF1070000F037F850B10DF107057D
:109A70009DF8070000F040F9284600F02DF8002876
:109A8000F6D140F6EC50C2F200000178012906D16F
:109A90000021017040F63400C2F20000046100F0C1
:109AA0006DF802B0B0BD000040F6D001C2F2000176
:109AB000B1F88020B1F88230013202F07F029A4280
:109AC0001FBFB1F88030C854A1F8802070474FF014
:109AD000010081F88400704740F6D001C2F2000115
:109AE000B1F88020B1F882309A4204BF002070475C
:109AF000B1F882208A5C0270B1F8820000F10100A6
:109B000000F07F00A1F882004FF0010070470000D4
:109B100080B5014640F61C00C2F20000023000F0A1
:109B200099F80221002818BF0021084680BD0000D6
:109B3000B0B540F61C05C2F2000501232B70687019
:109B40004FF0000C85F813C085F814C00F2A28BF09
:109B50000F22AA7432B10023C85CEC18A070013344
:109B60009342F9D3A91881F802C01046FFF7D0FF3D
:109B7000002804BF0120E874B0BD000010B540F615
:109B80001C04C2F200042078012818D1207D013085
:109B90002075C0B20A2812D3E07C02280DD8A07C20
:109BA000FFF7B6FF002818BF10BDE07C00F10100F0
:109BB000E0744FF00000207510BD0420207010BD2F
:109BC00010B540F69714C2F200042078002818BFA0
:109BD00010BD40F69810C2F20000017840F6AA507D
:109BE000C2F20000027891421BD00121217001785D
:109BF00001EB811140F69A12C2F2000202EB410120
:109C0000007800EB801002EB4000B0F8802040F2BA
:109C10007870C2F20000FBF713F900281CBF002087
:109C2000207010BD40F69710C2F2000001780029A4
:109C300008BFFFF7C5BF40F6AA51C2F200010A787B
:109C400002F1010202F007020A704FF000010170F8
:109C5000FFF7B6BF2DE9F0410022002849D04B1E86
:109C60009BB27F2B45D8EFF31088EFF3108272B6CA
:109C700040F69812C2F20002137840F6AA55C2F2DA
:109C800000052D78013303F00703AB4207D1B8F18B
:109C9000000F00D162B600221046BDE8F08181B10C
:109CA00040F69A14C2F200040D4600BF10F8016B92
:109CB000177807EB871704F81760013D04F10104DA
:109CC000F4D1107800EB801040F69A15C2F200052E
:109CD00005EB4000A0F880101370FFF771FFB8F19A
:109CE000000F1EBF01221046BDE8F08162B64FF0A2
:109CF00001021046BDE8F08170B540F6ED54C2F2A5
:109D00000004217871B156281CD140F6AB50C2F244
:109D100000005621017040F6EB50C2F20000012114
:109D2000017070BD56282BD140F6AB50C2F2000036
:109D30005621017040F6EB50C2F200000121017083
:109D4000217070BD40F6EB55C2F2000529783E291E
:109D500081BF00202070287070BD01F101022A70BF
:109D600040F6AB52C2F200025054232818BF70BD17
:109D700028784FF00006165400F004F826702E7074
:109D800070BD000040F6AB5CC2F2000C9CF8000015
:109D9000562818BF70479CF8002040F65611C2F2B2
:109DA000000162B1002300BFCA54581C3E2805D8E8
:109DB0000CEB03025278002A0346F5D1014400203F
:109DC000087040F69610C2F20000012101709CF864
:109DD00001109CF80200442904BF2C2800F0DAB8D6
:109DE000412805D19CF80300002818BF00F038B8BE
:109DF00070470000521A401A00EE100A9FED061A32
:109E0000B8EEC00A02EE102AB8EEC22A82EE000AAC
:109E100020EE010A704700BF0000C84200219FEDFC
:109E20000F0A00BF421892ED001A043130EE010A09
:109E30002029F7D1B5EE400AF1EE10FA08BF7047BD
:109E40004FF00001421892ED001A81EE001A82EDE7
:109E5000001A04312029F5D1704700BF000000002E
:109E600040F6AB50C2F200008178412918BF70471C
:109E7000C17801F0FE02302A04BF0279232A00D003
:109E800070474078D031C9B2FFF7A8BD10B503685C
:109E90001A4612F8014B4FF0010C2D2C0CBF4FF05D
:109EA000FF3C1A461378A3F1300E5FFA8EF3092BAC
:109EB0001DD85378A3F13004E4B2092C19D800BF9F
:109EC0000EEB8E04640054FA83F3A3F1300E541C9D
:109ED0009378A3F13002D2B20A2A2246F0D32E2B75
:109EE00005D1A278A2F13003DBB2092B05D90020FD
:109EF00010BD14462E2BFAD1F3E70EEB8E0302EBC6
:109F00004302303A02FB0CF20A60E11C01600120BE
:109F100010BD000070B541F25115C2F20005A878DD
:109F2000022809D0012822D040BB2878432802BF4C
:109F30000120A87070BD70BD2878E9780D2818BF81
:109F40000A281ED1281D002646546C7800F0ECFC2F
:109F500051EC100BF6F777FBE97800EE100A0029B8
:109F600018BF01212046FDF709FAAE7070BD2878B0
:109F700068700020E8700220A87070BD0020A870F2
:109F800070BD122988BF70BD01F10102EA70294439
:109F9000087170BD10B584B040F6AB50C2F200003D
:109FA000811C039181782C2945D1C11C0391C4786F
:109FB00004F0FE0130293ED1011D039101792C29C5
:109FC00039D10530039003A802A9FFF75FFF90B3D2
:109FD000039801782C292ED10130039003A801A900
:109FE000FFF754FF38B3039801782C2923D10130AF
:109FF000039003A86946FFF749FFE0B10398007892
:10A00000232818D104F1D00040F63401C2F2000137
:10A01000087002984860019888600098C860012024
:10A02000087540F6EC51C2F20001087040F64C0190
:10A03000C2F20001087004B010BD0000017842783F
:10A0400011F03C0118BF012102F0C000C038B0FA85
:10A0500080F0400902F00302033AB2FA82F2520998
:10A06000AFF30080002818BF042061F341001043C3
:10A0700070470000B0B5054640F60004C4F6000481
:10A0800004F540604FF4007115F0010F0CBF002281
:10A090000122F8F739F8A80704F500604FF04001F5
:10A0A00054BF00220122F8F72FF8680720464FF02E
:10A0B000080154BF00220122BDE8B040F8F724B8DF
:10A0C00007291DD8DFE801F004070A0D1013151841
:10A0D00000F10D0211E000F10A020EE000F10C02A5
:10A0E0000BE000F1080208E000F10B0205E0C21DE0
:10A0F00003E000F1090200E0821D137801331370C0
:10A10000017141F00201022908BF7047C17801F1D5
:10A110000101C17040F24000C2F20000017801F17B
:10A12000010101707047000010B540F6F054C2F212
:10A130000004C078022802BF94F8F6220A435FEABE
:10A14000026213D194F8F0020130C1B2072988BF2E
:10A15000012084F8F802012084F8F70284F8EA026A
:10A16000A06800F58C70C4F8EC0210BD012820D165
:10A1700002290CD0E9B994F8F51294F8F6020143DB
:10A18000090617D0A8B1012084F8FB0215E094F865
:10A19000F602002818BF10BD04F5A670FEF72CF8D3
:10A1A0004FF0010084F8EA02A06800F21A40C4F8F7
:10A1B000EC0210BD012084F8FA020120CEE7000075
:10A1C00010B501780139032988BF10BD40F600445D
:10A1D000C4F60004DFE801F002162B3CB0F90210CF
:10A1E00090F90C0010FB01F0012843DBA4F580601E
:10A1F0004FF480510122F7F787FF4FF090404FF462
:10A20000806163E0B0F9021090F90C0010FB01F0DE
:10A21000B0F1FF3F3EDD4FF090404FF4006100226F
:10A22000F7F772FF4FF090404FF480512DE0B0F9F6
:10A23000021090F90C0010FB01F0B0F1FF3F35DD8A
:10A24000204620210022F7F75FFF204640211CE036
:10A25000B0F9021090F90C0010FB01F0B0F1FF3FD3
:10A260002CDD204680210022F7F74EFFA4F5006088
:10A2700008210AE0A4F580604FF480510022F7F72E
:10A2800043FF4FF090404FF480610122BDE8104041
:10A29000F7F73ABF4FF090404FF400610122F7F713
:10A2A00033FF4FF090404FF480510FE020462021C3
:10A2B0000122F7F729FF2046402107E020468021B0
:10A2C0000122F7F721FFA4F5006008210022BDE874
:10A2D0001040F7F719BF000010B541F24811C2F263
:10A2E0000001087898B1087800220A70032807D086
:10A2F000022809D001280AD10120FFF755FB06E00A
:10A300000120FFF721FB02E00120FFF737FB41F2BC
:10A310004A14C2F20004207828B100F015F8002891
:10A320001CBF0020207041F24914C2F200042078C2
:10A33000002808BF10BD00F007F800281CBF00204F
:10A34000207010BD000000002DE9F047A6B00138D4
:10A35000042800F27880DFE800F0030C18243400B1
:10A3600041F2F800C2F2000000F1100306A849A271
:10A370005BE04321002006AA44A300BF1154191832
:10A38000497801300628F9D116E04321002006AAB9
:10A390003CA300BF11541918497801300628F9D19F
:10A3A0000AE04321002006AA34A300BF1154191863
:10A3B000497801300628F9D100208DF81E000620CA
:10A3C0003AE041F2F80AC2F2000ADAF80400F6F7BD
:10A3D000EAF89FED1F0B55EC107B3A462B46F6F73B
:10A3E00073F880468946DAF80800F6F7DCF83A4652
:10A3F0002B46F6F769F804460E46DAF80C00F6F735
:10A40000D2F83A462B46F6F75FF89AF8003041EC5E
:10A41000100B46EC114B49EC128B8DED002B8DEDA2
:10A42000021B8DED040B06A80BA2802100F064FA3C
:10A430004FF6FF71084206D081B206A800F02EF850
:10A4400026B0BDE8F087012026B0BDE8F08700BF48
:10A450000000000000002440464F554E443A256459
:10A4600020583A252E316620593A252E316620444F
:10A470004953543A252E31660D0A000043443123D6
:10A480000D0A0000434D31230D0A000043543123CF
:10A490000D0A000052583A25730D0A00FFF7DABB87
:10A4A0004A1ED2B2062A9CBF80F8F01200F00ABA07
:10A4B00070470000002180F8FA1280F8FB1240F289
:10A4C0000112A0F8F52280F8FC128268C0E9C021D0
:10A4D00041F24C10C2F2000002607047002180F887
:10A4E000F61280F8F512012280F8FC2280F8FA12A8
:10A4F00080F8FB120174018470470000B0B5044677
:10A5000040F25865C2F20005D5F88800202804D032
:10A51000D5F88C00002808BFB0BDD5F888002028E9
:10A5200005D040F25860C2F20000F9F749FF2868F0
:10A530000821016228680221016228680421016261
:10A540002868012101620020E074C5F88C002046D3
:10A55000BDE8B04000F05EB840F23C01C2F200013C
:10A5600008600021C1740173C0E900118160704767
:10A57000C37C5A2901D003B97047052B24BF00239F
:10A58000C37490F813C00CF10103C37400EB0C0307
:10A590009973C17C052938BF704710B5837BC17B97
:10A5A00090F810C090F811E00B4463447344DBB2A0
:10A5B000847C9C4225D1BB2918BFAA2921D14CEA11
:10A5C0000E23AA290AD119B29FED100A01EE101A22
:10A5D000B8EEC11A21EE000A80ED010AC17BAA295A
:10A5E0000CD0BB290DD119B29FED090A01EE101A4A
:10A5F000B8EEC11A21EE000A80ED000A8260012146
:10A6000001730021C174BDE81040704700007A3D1D
:10A610000000B43B2DE9F04700F10D04002640F2A4
:10A620005865C2F200054FF001084FF008094FF0DD
:10A63000020A0427284621460122FAF713FB0028C4
:10A6400008BFBDE8F0872846F9F7BAFE2868C0F8C9
:10A6500020902868C0F820A0286807622868C0F801
:10A66000208006F10106F0B20328E3D3BDE8F087AD
:10A670002DE9F041044640F25E00C2F2000001788C
:10A6800091B10021017004F1E8003F21FEF702FCC6
:10A6900084ED060A40F61000C2F20000017819B9F4
:10A6A000A16961610121017004F5DA784046FEF785
:10A6B00097FBA4F8B80104F5FA763046FEF790FB54
:10A6C000A4F8F80104F50D773846FEF789FBA4F8E5
:10A6D000380204F51D752846FEF782FBA4F87802BF
:10A6E00004F2D620FDF7BEFE04F2DE20FDF7BAFE2E
:10A6F000204600F091F8207C022814D1002084F834
:10A70000FC0294F8F50200281CBF94F8F602002819
:10A7100005D140F20800C2F20000008820842046E3
:10A72000FEF724FA207C012805D1002084F8FC02E1
:10A730002046FFF70FF8207C042806D1002084F87B
:10A74000FC022046FFF758F8207C68B1032811D09E
:10A75000052821D1002084F8FC02B4F9200000EE85
:10A76000100AB8EEC00A13E09FED2A0A012084F80F
:10A77000FC020DE0002084F8FC0240F20800C2F266
:10A780000000B0F9000000EE100AB8EEC00A208404
:10A7900084ED6F0A84ED7F0A04F53370FDF722FE25
:10A7A00004F2CF20FDF71EFE04F2D220FDF71AFEC0
:10A7B00004F53A7094F8EA1251B1D4F8EC12D4E9E5
:10A7C0000223511A73F1000124BF002184F8EA1218
:10A7D000FDF7F2FD4046FEF7A5F83046FEF7A2F879
:10A7E0003846FEF79FF82846FEF79CF840F25D00D9
:10A7F000C2F200000078002818BFBDE8F08104F123
:10A80000E80140F2B820C2F20000FEF7DDFBBDE82F
:10A81000F08100BF0000000010B5044694F8FB0270
:10A8200020B12046BDE81040FFF758BE94F8F7026B
:10A8300050B194F8F50238B994F8F8122046FFF7B1
:10A840002FFE002084F8F70294F8FA0228B194F859
:10A85000F50210B92046FFF72DFE94F8F502002806
:10A8600008BF10BD94F8F002A0F101000628D8D866
:10A87000DFE800F004090E13181D22002046BDE891
:10A880001040FDF75FBE2046BDE81040FDF738BF21
:10A890002046BDE81040FDF757BF2046BDE81040F8
:10A8A000FDF79ABF2046BDE81040FDF79BBF20464C
:10A8B000BDE81040FDF7C0BF2046BDE81040FDF7E1
:10A8C000D9BF000090F8F012C1F3800280F8CE22C8
:10A8D000C1F3400280F8D12201F0010180F8D412C6
:10A8E0007047000000F1FF010138C0B2032888BFA3
:10A8F0000021C8B2704700000FB41CB5024600200A
:10A9000007AC00290BD0491ECDE90021054B6A4652
:10A910002146069800F00AF9009A002111701CBC2B
:10A920005DF814FB5BB2000830B583B0044600F05C
:10A9300017F89FED090B05468DED000B002221460F
:10A940006846F5F7FEFE284600F020F89DED000B66
:10A9500003B030BD00000000000000000000000057
:10A9600001480068704700000000002002E008C8AD
:10A97000121F08C1002AFAD170477047002001E079
:10A9800001C1121F002AFBD1704700000149086075
:10A9900070470000000000202DE9FF5F82B0002119
:10A9A000DDE90430020DDDF840B0034318D044F671
:10A9B0001050A2F2FF3242431514119801281FD003
:10A9C000A5EB0B00401C5FEA000A4FF000064E4F5B
:10A9D000DFF83891B046504615D5CAF1000413E0AF
:10A9E000119801244AA3012801D16FEA0B010298B2
:10A9F000119AC0E90031C0E9024206B0BDE8F09FFB
:10AA0000CBF10000DFE704460021404A491842EB41
:10AA10000450CDE9001012E0E00707D032463B4673
:10AA200040464946F5F7DEFC8046894632463B46BD
:10AA300010461946F5F7D6FC06460F466410002C62
:10AA4000EAD1DDE90401DDE90023BAF1000F06DAFD
:10AA5000F5F7C8FC42464B46F5F7C4FC05E0F5F7B0
:10AA600033FD42464B46F5F72FFD04460E460022C5
:10AA7000284BF5F745FF03D84FF0FF30014607E0BC
:10AA80000022254B20463146F5F705FCF5F720FF5F
:10AA9000102409E0002C0ADB0A220023F5F7B8FB9A
:10AAA000039B30321A55641E50EA0102F2D1641C35
:10AAB000039AC4F111031444119A012A03D001220C
:10AAC00008430DD10AE0084304D000204FF0110BD9
:10AAD000119072E7A3EB0B056D1E0DE05B4504DDE5
:10AAE0004FF0000205F1010504E003DA4FF0000227
:10AAF000A5F10105002AECD002981199C0E90231B4
:10AB0000C0E9004579E70000000014400000F03F74
:10AB1000300000000000F0430000E03F30380A2819
:10AB200001D2012070470020704700002DE9FF4F3F
:10AB300095B09B468946064600250FE2252877D129
:10AB400000242746F84A0121059400E0044316F842
:10AB5000013F203B01FA03F01042F7D130782A2858
:10AB600011D06FF02F033078A0F13002092A16D8E7
:10AB7000059A44F0020402EB820203EB4202104405
:10AB8000761C0590EFE759F8042B0592002A03DAAA
:10AB9000504244F40054059044F00204761C30788E
:10ABA0002E2816D116F8010F44F004042A280DD0DF
:10ABB0006FF02F023078A0F13003092B09D807EB92
:10ABC000870302EB4303C718761CF3E759F8047BAD
:10ABD000761C30786C280FD006DC4C2817D06828FB
:10ABE0000DD06A2814D104E0742810D07A280FD12F
:10ABF0000DE044F400140AE044F4801401E044F44D
:10AC000040147278824202D104F58014761C761CBE
:10AC1000307866280BD013DC582877D009DC002860
:10AC200075D04528F6D04628F4D047281AD19DE1A2
:10AC300018E0632835D0642879D0652812D195E1D1
:10AC4000702873D008DC6728F1D069286FD06E288F
:10AC50000DD06F2806D1B5E073282CD0752875D09B
:10AC6000782874D05A46179990476D1C75E1C4F343
:10AC70000250022809D003280DD0D9F8001004286A
:10AC80000DD00D6009F1040967E1D9F80010EA1749
:10AC9000C1E90052F6E7D9F800100D80F2E70D7017
:10ACA000F0E719F8041B8DF8001000208DF8010062
:10ACB000EA46012003E059F804AB4FF0FF3061078A
:10ACC0004FF0000102D40DE008F101018846B942BD
:10ACD0000FDA8045F8DB1AF808100029F4D108E0F3
:10ACE00008F1010188468142FADB1AF808100029B0
:10ACF000F6D105985B46A0EB080721463846179A1F
:10AD000000F094FA284400EB080507E04DE029E143
:10AD10000DE01AF8010B5A4617999047B8F101084F
:10AD2000F7D25B4621463846179A13E142E00A22E1
:10AD30000092C4F302524FF0000A022A08D059F8D8
:10AD400004CB032A4FEAEC710AD00DE029E02AE097
:10AD500009F1070121F00702F2E802C1914609E07A
:10AD60000FFA8CFC4FEAEC71042A03D14FFA8CFCE9
:10AD70004FEAEC71002907DA0A460021DCF1000CE9
:10AD800061EB02012D2202E0220504D52B228DF871
:10AD90000420012203E0E20701D02022F7E79046D9
:10ADA00059E00A2102E010220DE010214FF0000AC4
:10ADB00000910BE010224FF0000A44F00404082731
:10ADC000009203E008224FF0000A0092C4F30252FE
:10ADD000022A05D059F804CB0021032A08D009E043
:10ADE00009F1070121F00702F2E802C1914605E0EE
:10ADF0001FFA8CFC042A01D10CF0FF0C4FF0000864
:10AE0000220728D5702806D0009B83F0100353EA50
:10AE10000A0305D00EE040228DF80420012208E04C
:10AE20005CEA010206D030228DF804208DF805007E
:10AE300002229046009B83F0080353EA0A030AD1DA
:10AE40005CEA010201D1620705D530228DF80420A9
:10AE50004FF001087F1E582804D034A003900EA89C
:10AE600002900DE036A0F9E753466046009AF5F7E8
:10AE7000CFF984460398825C0298401E02900270CB
:10AE80005CEA0100F0D1029806A9081A00F1200A34
:10AE9000600702D524F4803400E00127574502DD25
:10AEA000A7EB0A0000E0002000EB0A0100900598E3
:10AEB0004144401A0590E00306D45B462146179AA8
:10AEC000059800F0B3F90544002706E001A85A46AA
:10AED000C05D179990476D1C7F1C4745F6DBE0036A
:10AEE0000CD55B462146179A059800F09FF905445A
:10AEF00004E030205A46179990476D1C0099481E6F
:10AF000000900029F5DC08E0029802995A46007882
:10AF1000491C0291179990476D1CBAF10001AAF1E2
:10AF2000010AF1DC65E1000009280100303132330B
:10AF30003435363738396162636465660000000075
:10AF4000303132333435363738394142434445465F
:10AF50000000000000F058F90544761C3078002805
:10AF60007FF4ECAD19B02846BDE8F08F620700D43D
:10AF7000062709F1070222F0070CFCE80223E1464C
:10AF800003F000485FEA080C02D00FF2702C0DE0CD
:10AF90005FEA045C02D50FF2682C07E05FEAC47C2C
:10AFA00002D00FF2602C01E0AFF2700C4FF0FF38CE
:10AFB00023F00043CDF850C065280CD006DC4528AE
:10AFC00009D046281DD047283DD13DE0662818D03D
:10AFD00067287ED138E00021112F01DB112000E02D
:10AFE000781CCDE9000106A90EA8FFF7D5FCDDE924
:10AFF0000F010E9A03910021009207F1010A0491BA
:10B000004DE04FF000400097CDE9011006A90EA8D1
:10B01000FFF7C2FCDDE90F0203920E9B119900229B
:10B02000DDF80CA00093049211B9791C00EB010A21
:10B03000B7EB0A0004D4C0F1FF3007F1010A049015
:10B04000AAEB0700019044E0012F00DA012700215C
:10B05000112F01DD112000E03846CDE9000106A9DD
:10B060000EA8FFF799FCDDE90F010E9A039100216C
:10B0700004910092BA4621070CD40399514500DA95
:10B080008A46BAF1010F05DD009AAAF10101515C6F
:10B09000302908D0B84202DA10F1040F06DA012193
:10B0A000CDE9011015E0AAF10101E9E7002805DC6E
:10B0B000049901440491AAEB000102E0411C5145AE
:10B0C00000DD8A460499401A401C01904FF0004070
:10B0D0000290200704D40198504501DBCDF804808C
:10B0E00000208DF84F0002980DF14F07B0F1004F8E
:10B0F00025D02B200E9002984FF0020800280CDA81
:10B10000404202902D200E9007E00A210298F5F7A8
:10B11000B6FA3031029007F8011DB8F10001A8F12C
:10B120000108F2DC02980028EFD1791E0E98087011
:10B13000307800F0200040F0450007F8020D12A81A
:10B14000C01B00F107081498007800B1012000EB43
:10B150000A01019801EBE07105984144401A401E34
:10B160000590E00306D45B462146179A059800F047
:10B170005DF805441498007818B15A46179990471D
:10B180006D1CE00324D55B462146179A059800F014
:10B190004DF805441CE00498002807DBDDE90301B5
:10B1A000884203DD0098405C179901E01799302030
:10B1B0005A469047049805F10105401C04900198F7
:10B1C000401E019004D12E205A46179990476D1CBD
:10B1D000BAF10001AAF1010ADDDC05E017F8010B64
:10B1E0005A46179990476D1CB8F10001A8F1010863
:10B1F000F4DC5B462146179A0598ABE62D0000006B
:10B200002B000000200000002DE9F041044600253D
:10B210001E461746880404D405E039462020B0476E
:10B220006D1C641EF9D52846BDE8F0812DE9F0417A
:10B23000044600251E469046C80301D5302700E08D
:10B240002027880404D505E041463846B0476D1CE8
:10B25000641EF9D52846BDE8F0814A68002A06D068
:10B260000A68531C0B6010704868401E48607047A5
:10B270000040404040404040404041414141414009
:10B2800040404040404040404040404040404040BE
:10B29000400502020202020202020202020202024D
:10B2A0000220202020202020202020020202020252
:10B2B00002029090909090901010101010101010AA
:10B2C00010101010101010101010101002020202B6
:10B2D00002028888888888880808080808080808FA
:10B2E00008080808080808080808080802020202F6
:10B2F0004000000071B200080000000000000000E3
:10B30000010203040607080900000000010203040B
:10B31000010002000400060008000A000C001000F2
:10B32000200040008000000148B300080000002019
:10B33000380000006CA9000880B300083800002025
:10B34000381500007CA90008000000000024F4006B
:10B350000C0000000000F0C10000A0C1000070C19E
:10B36000000020C100002041000070410000A04109
:10B370000000F0410100000010000000000000008B
:04000005080001D915
:00000001FF
